"Revenue type";"Date";"Planned revenue volume";"Actual revenue volume";"Revenue completion rate";"global_id"
"Вид дохода";"Дата";"Планируемый объём дохода";"Фактическое исполнение";"Процент исполнения";"global_id"
"Административные штрафы, установленные Кодексом Российской Федерации об административных правонарушениях";"01.01.2024";"26.2";"25.8";"98.3";"2687941950"
"Налог на профессиональный доход";"01.01.2024";"7";"10.4";"148.2";"2687941951"
"ДОХОДЫ ОТ ИСПОЛЬЗОВАНИЯ ИМУЩЕСТВА, НАХОДЯЩЕГОСЯ В ГОСУДАРСТВЕННОЙ И МУНИЦИПАЛЬНОЙ СОБСТВЕННОСТИ";"01.01.2024";"164.2";"230.8";"140.5";"2687941952"
"Административные штрафы, установленные Кодексом Российской Федерации об административных правонарушениях, за административные правонарушения в области производства и оборота этилового спирта, алкогольной и спиртосодержащей продукции, а также за административные правонарушения порядка ценообразования в части регулирования цен на этиловый спирт, алкогольную и спиртосодержащую продукцию";"01.01.2024";"0.1";"0.1";"118.4";"2687941953"
"Налог, взимаемый в связи с применением специального налогового режима «Автоматизированная упрощенная система налогообложения»";"01.01.2024";"";"0.3";"";"2687941954"
"Доходы в виде прибыли, приходящейся на доли в уставных (складочных) капиталах хозяйственных товариществ и обществ, или дивидендов по акциям, принадлежащим Российской Федерации, субъектам Российской Федерации или муниципальным образованиям";"01.01.2024";"1.8";"2.1";"116.5";"2687941955"
"Административные штрафы, установленные законами субъектов Российской Федерации об административных правонарушениях";"01.01.2024";"11.9";"10.8";"91";"2687941956"
"НАЛОГИ НА ИМУЩЕСТВО";"01.01.2024";"250.6";"267";"106.5";"2687941957"
"Доходы от размещения средств бюджетов";"01.01.2024";"63.1";"96.3";"152.5";"2687941958"
"Налог на имущество физических лиц";"01.01.2024";"24.7";"30.4";"123.2";"2687941959"
"Штрафы, неустойки, пени, уплаченные в соответствии с законом или договором в случае неисполнения или ненадлежащего исполнения обязательств перед государственным (муниципальным) органом, органом управления государственным внебюджетным фондом, казенным учреждением, Центральным банком Российской Федерации, иной организацией, действующей от имени Российской Федерации";"01.01.2024";"3.6";"4.5";"124.5";"2687941960"
"Доходы, получаемые в виде арендной либо иной платы за передачу в возмездное пользование государственного и муниципального имущества (за исключением имущества бюджетных и автономных учреждений, а также имущества государственных и муниципальных унитарных предприятий, в том числе казенных)";"01.01.2024";"90";"123.8";"137.5";"2687941961"
"Платежи в целях возмещения причиненного ущерба (убытков)";"01.01.2024";"0.05";"0.2";"441.6";"2687941962"
"Налог на имущество организаций";"01.01.2024";"166.2";"179.1";"107.8";"2687941963"
"Плата по соглашениям об установлении сервитута в отношении земельных участков, находящихся в государственной или муниципальной собственности";"01.01.2024";"1.0E-5";"0.01";"137074.1";"2687941964"
"Платежи, уплачиваемые в целях возмещения вреда";"01.01.2024";"0.03";"0.04";"150.1";"2687941965"
"Транспортный налог";"01.01.2024";"32";"32.6";"101.9";"2687941966"
"Доходы от сумм пеней, предусмотренных законодательством Российской Федерации о налогах и сборах, подлежащие зачислению в бюджеты субъектов Российской Федерации по нормативу, установленному Бюджетным кодексом Российской Федерации, распределяемые Федеральным казначейством между бюджетами субъектов Российской Федерации в соответствии с федеральным законом о федеральном бюджете";"01.01.2024";"";"8";"";"2687941967"
"Платежи от государственных и муниципальных унитарных предприятий";"01.01.2024";"1.3";"0.9";"65.4";"2687941968"
"Налог на игорный бизнес";"01.01.2024";"0.4";"0.3";"73";"2687941969"
"ПРОЧИЕ НЕНАЛОГОВЫЕ ДОХОДЫ";"01.01.2024";"26.5";"50";"188.4";"2687941970"
"Средства, получаемые от передачи имущества, находящегося в государственной и муниципальной собственности (за исключением имущества бюджетных и автономных учреждений, а также имущества государственных и муниципальных унитарных предприятий, в том числе казенных), в залог, в доверительное управление";"01.01.2024";"0.1";"0.001";"1.3";"2687941971"
"Земельный налог";"01.01.2024";"27.3";"24.6";"89.8";"2687941972"
"Невыясненные поступления";"01.01.2024";"";"-0.01";"";"2687941973"
"Прочие доходы от использования имущества и прав, находящихся в государственной и муниципальной собственности (за исключением имущества бюджетных и автономных учреждений, а также имущества государственных и муниципальных унитарных предприятий, в том числе казенных)";"01.01.2024";"7.8";"7.7";"98.5";"2687941974"
"НАЛОГИ, СБОРЫ И РЕГУЛЯРНЫЕ ПЛАТЕЖИ ЗА ПОЛЬЗОВАНИЕ ПРИРОДНЫМИ РЕСУРСАМИ";"01.01.2024";"0.01";"-0.04";"-538.2";"2687941975"
"Прочие неналоговые доходы";"01.01.2024";"26.5";"50";"188.4";"2687941976"
"ПЛАТЕЖИ ПРИ ПОЛЬЗОВАНИИ ПРИРОДНЫМИ РЕСУРСАМИ";"01.01.2024";"0.2";"0.2";"81.8";"2687941977"
"Налог на добычу полезных ископаемых";"01.01.2024";"";"-0.1";"";"2687941978"
"Плата за негативное воздействие на окружающую среду";"01.01.2024";"0.2";"0.1";"81.1";"2687941979"
"Прочие неналоговые доходы в части невыясненных поступлений, по которым не осуществлен возврат (уточнение) не позднее трех лет со дня их зачисления на единый счет соответствующего бюджета бюджетной системы Российской Федерации";"01.01.2024";"1.0E-4";"0.001";"715.8";"2687941980"
"Сборы за пользование объектами животного мира и за пользование объектами водных биологических ресурсов";"01.01.2024";"0.01";"0.01";"140.1";"2687941981"
"Платежи при пользовании недрами";"01.01.2024";"0.001";"0.002";"260.9";"2687941982"
"Безвозмездные поступления";"01.01.2024";"40.8";"78.3";"192";"2687941983"
"ДОХОДЫ ОТ ОКАЗАНИЯ ПЛАТНЫХ УСЛУГ И КОМПЕНСАЦИИ ЗАТРАТ ГОСУДАРСТВА";"01.01.2024";"12.6";"16.1";"127.8";"2687941984"
"ГОСУДАРСТВЕННАЯ ПОШЛИНА";"01.01.2024";"4.5";"5.5";"121.2";"2687941985"
"Доходы, всего";"01.01.2024";"3789.6";"4211";"111.1";"2687941986"
"Доходы от оказания платных услуг (работ)";"01.01.2024";"1.6";"1.5";"94.6";"2687941987"
"Налоговые доходы";"01.01.2024";"3482.3";"3750";"107.7";"2687941988"
"Государственная пошлина по делам, рассматриваемым в судах общей юрисдикции, мировыми судьями";"01.01.2024";"2";"2.5";"126";"2687941989"
"Доходы от компенсации затрат государства";"01.01.2024";"11";"14.6";"132.6";"2687941990"
"НАЛОГИ НА ПРИБЫЛЬ, ДОХОДЫ";"01.01.2024";"2929.8";"3188.8";"108.8";"2687941991"
"Государственная пошлина за государственную регистрацию актов гражданского состояния и другие юридически значимые действия, совершаемые органами записи актов гражданского состояния и иными уполномоченными органами (за исключением консульских учреждений Российской Федерации)";"01.01.2024";"";"0.1";"";"2687941992"
"ДОХОДЫ ОТ ПРОДАЖИ МАТЕРИАЛЬНЫХ И НЕМАТЕРИАЛЬНЫХ АКТИВОВ";"01.01.2024";"20.9";"36";"172.3";"2687941993"
"Налог на прибыль организаций";"01.01.2024";"1213";"1444.8";"119.1";"2687941994"
"Государственная пошлина за совершение действий, связанных с приобретением гражданства Российской Федерации или выходом из гражданства Российской Федерации, а также с въездом в Российскую Федерацию или выездом из Российской Федерации";"01.01.2024";"0.3";"0.4";"117.8";"2687941995"
"Доходы от продажи квартир";"01.01.2024";"3.9";"4.7";"119.5";"2687941996"
"Налог на доходы физических лиц";"01.01.2024";"1716.8";"1744";"101.6";"2687941997"
"Государственная пошлина за государственную регистрацию, а также за совершение прочих юридически значимых действий";"01.01.2024";"2.2";"2.5";"115";"2687941998"
"Доходы от реализации имущества, находящегося в государственной и муниципальной собственности (за исключением движимого имущества бюджетных и автономных учреждений, а также имущества государственных и муниципальных унитарных предприятий, в том числе казенных)";"01.01.2024";"8.2";"10.8";"131.7";"2687941999"
"НАЛОГИ НА ТОВАРЫ (РАБОТЫ, УСЛУГИ), РЕАЛИЗУЕМЫЕ НА ТЕРРИТОРИИ РОССИЙСКОЙ ФЕДЕРАЦИИ";"01.01.2024";"62.5";"63.2";"101.1";"2687942000"
"Доходы от продажи земельных участков, находящихся в государственной и муниципальной собственности";"01.01.2024";"1.8";"4.5";"253.3";"2687942001"
"ЗАДОЛЖЕННОСТЬ И ПЕРЕРАСЧЕТЫ ПО ОТМЕНЕННЫМ НАЛОГАМ, СБОРАМ И ИНЫМ ОБЯЗАТЕЛЬНЫМ ПЛАТЕЖАМ";"01.01.2024";"";"0.004";"";"2687942002"
"Акцизы по подакцизным товарам (продукции), производимым на территории Российской Федерации";"01.01.2024";"62.5";"63.2";"101.1";"2687942003"
"Доходы от приватизации имущества, находящегося в государственной и муниципальной собственности";"01.01.2024";"6.9";"15.9";"229.6";"2687942004"
"НАЛОГИ НА СОВОКУПНЫЙ ДОХОД";"01.01.2024";"234.8";"225.5";"96";"2687942005"
"Налог на прибыль организаций, зачислявшийся до 1 января 2005 года в местные бюджеты";"01.01.2024";"";"-3.0E-6";"";"2687942006"
"АДМИНИСТРАТИВНЫЕ ПЛАТЕЖИ И СБОРЫ";"01.01.2024";"0.2";"0.3";"125.9";"2687942007"
"Налог, взимаемый в связи с применением упрощенной системы налогообложения";"01.01.2024";"210.7";"202";"95.9";"2687942008"
"Платежи за пользование природными ресурсами";"01.01.2024";"";"-1.0E-6";"";"2687942009"
"Платежи, взимаемые государственными и муниципальными органами (организациями) за выполнение определенных функций";"01.01.2024";"0.2";"0.3";"125.9";"2687942010"
"Единый налог на вмененный доход для отдельных видов деятельности";"01.01.2024";"";"-0.002";"";"2687942011"
"Налоги на имущество";"01.01.2024";"";"0.003";"";"2687942012"
"ШТРАФЫ, САНКЦИИ, ВОЗМЕЩЕНИЕ УЩЕРБА";"01.01.2024";"41.9";"49.4";"118";"2687942013"
"Единый сельскохозяйственный налог";"01.01.2024";"0.04";"0.1";"138.5";"2687942014"
"Прочие налоги и сборы (по отмененным федеральным налогам и сборам)";"01.01.2024";"";"-2.0E-6";"";"2687942015"
"Налог, взимаемый в связи с применением патентной системы налогообложения";"01.01.2024";"9.1";"4.6";"50.5";"2687942016"
"Прочие налоги и сборы (по отмененным налогам и сборам субъектов Российской Федерации)";"01.01.2024";"";"0.001";"";"2687942017"
"Торговый сбор";"01.01.2024";"8";"8.1";"101.4";"2687942018"
"Прочие налоги и сборы (по отмененным местным налогам и сборам)";"01.01.2024";"";"4.0E-4";"";"2687942019"
"Налог, взимаемый в виде стоимости патента в связи с применением упрощенной системы налогообложения";"01.01.2024";"";"-0.001";"";"2687942020"
"Неналоговые доходы";"01.01.2024";"266.5";"382.7";"143.6";"2687942021"
"Доходы от продажи квартир";"01.04.2024";"4.2";"1.1";"27.5";"2695056103"
"Государственная пошлина по делам, рассматриваемым в судах общей юрисдикции, мировыми судьями";"01.04.2024";"2.4";"0.7";"29";"2695056104"
"Доходы, всего";"01.04.2024";"4322.2";"1118.4";"25.9";"2695056105"
"Государственная пошлина за государственную регистрацию актов гражданского состояния и другие юридически значимые действия, совершаемые органами записи актов гражданского состояния и иными уполномоченными органами (за исключением консульских учреждений Российской Федерации)";"01.04.2024";"0.1";"0.01";"12.8";"2695056106"
"Доходы от реализации имущества, находящегося в государственной и муниципальной собственности (за исключением движимого имущества бюджетных и автономных учреждений, а также имущества государственных и муниципальных унитарных предприятий, в том числе казенных)";"01.04.2024";"8.1";"4.3";"53.1";"2695056107"
"Государственная пошлина за совершение действий, связанных с приобретением гражданства Российской Федерации или выходом из гражданства Российской Федерации, а также с въездом в Российскую Федерацию или выездом из Российской Федерации";"01.04.2024";"0.4";"0.1";"28.1";"2695056108"
"Доходы от продажи земельных участков, находящихся в государственной и муниципальной собственности";"01.04.2024";"2.3";"1.5";"65.3";"2695056109"
"Государственная пошлина за государственную регистрацию, а также за совершение прочих юридически значимых действий";"01.04.2024";"1.9";"0.4";"21.2";"2695056110"
"Налоговые доходы";"01.04.2024";"3981.5";"967.4";"24.3";"2695056111"
"Доходы от приватизации имущества, находящегося в государственной и муниципальной собственности";"01.04.2024";"4.4";"6.3";"142.2";"2695056112"
"АДМИНИСТРАТИВНЫЕ ПЛАТЕЖИ И СБОРЫ";"01.04.2024";"0.2";"0.2";"74.9";"2695056113"
"ЗАДОЛЖЕННОСТЬ И ПЕРЕРАСЧЕТЫ ПО ОТМЕНЕННЫМ НАЛОГАМ, СБОРАМ И ИНЫМ ОБЯЗАТЕЛЬНЫМ ПЛАТЕЖАМ";"01.04.2024";"";"-3.0E-4";"";"2695056114"
"Платежи, взимаемые государственными и муниципальными органами (организациями) за выполнение определенных функций";"01.04.2024";"0.2";"0.2";"74.9";"2695056115"
"Налоги на имущество";"01.04.2024";"";"-2.0E-4";"";"2695056116"
"НАЛОГИ НА ПРИБЫЛЬ, ДОХОДЫ";"01.04.2024";"3362.3";"842.3";"25.1";"2695056117"
"ШТРАФЫ, САНКЦИИ, ВОЗМЕЩЕНИЕ УЩЕРБА";"01.04.2024";"46.5";"12.9";"27.8";"2695056118"
"Налог на прибыль организаций";"01.04.2024";"1458.2";"454.2";"31.2";"2695056119"
"Прочие налоги и сборы (по отмененным налогам и сборам субъектов Российской Федерации)";"01.04.2024";"";"1.0E-5";"";"2695056120"
"Налог на доходы физических лиц";"01.04.2024";"1904.1";"388.1";"20.4";"2695056121"
"Прочие налоги и сборы (по отмененным местным налогам и сборам)";"01.04.2024";"";"1.0E-5";"";"2695056122"
"Административные штрафы, установленные Кодексом Российской Федерации об административных правонарушениях";"01.04.2024";"25.1";"6.5";"26";"2695056123"
"НАЛОГИ НА ТОВАРЫ (РАБОТЫ, УСЛУГИ), РЕАЛИЗУЕМЫЕ НА ТЕРРИТОРИИ РОССИЙСКОЙ ФЕДЕРАЦИИ";"01.04.2024";"65.3";"14.5";"22.3";"2695056124"
"Налог, взимаемый в виде стоимости патента в связи с применением упрощенной системы налогообложения";"01.04.2024";"";"-1.0E-4";"";"2695056125"
"Административные штрафы, установленные Кодексом Российской Федерации об административных правонарушениях, за административные правонарушения в области производства и оборота этилового спирта, алкогольной и спиртосодержащей продукции, а также за административные правонарушения порядка ценообразования в части регулирования цен на этиловый спирт, алкогольную и спиртосодержащую продукцию";"01.04.2024";"0.1";"0.01";"17.1";"2695056126"
"Акцизы по подакцизным товарам (продукции), производимым на территории Российской Федерации";"01.04.2024";"65.3";"14.5";"22.3";"2695056127"
"Неналоговые доходы";"01.04.2024";"308.1";"115.4";"37.5";"2695056128"
"Административные штрафы, установленные законами субъектов Российской Федерации об административных правонарушениях";"01.04.2024";"11.8";"2.4";"20.4";"2695056129"
"НАЛОГИ НА СОВОКУПНЫЙ ДОХОД";"01.04.2024";"267.7";"49.3";"18.4";"2695056130"
"ДОХОДЫ ОТ ИСПОЛЬЗОВАНИЯ ИМУЩЕСТВА, НАХОДЯЩЕГОСЯ В ГОСУДАРСТВЕННОЙ И МУНИЦИПАЛЬНОЙ СОБСТВЕННОСТИ";"01.04.2024";"188";"61.4";"32.7";"2695056131"
"Штрафы, неустойки, пени, уплаченные в соответствии с законом или договором в случае неисполнения или ненадлежащего исполнения обязательств перед государственным (муниципальным) органом, органом управления государственным внебюджетным фондом, казенным учреждением, Центральным банком Российской Федерации, иной организацией, действующей от имени Российской Федерации";"01.04.2024";"4.1";"0.7";"16.6";"2695056132"
"Налог, взимаемый в связи с применением упрощенной системы налогообложения";"01.04.2024";"238.4";"38.9";"16.3";"2695056133"
"Платежи в целях возмещения причиненного ущерба (убытков)";"01.04.2024";"0.1";"0.04";"68.2";"2695056135"
"Единый налог на вмененный доход для отдельных видов деятельности";"01.04.2024";"";"3.0E-5";"";"2695056136"
"Доходы от размещения средств бюджетов";"01.04.2024";"73";"28.6";"39.2";"2695056137"
"Платежи, уплачиваемые в целях возмещения вреда";"01.04.2024";"0.04";"0.01";"16.8";"2695056138"
"Единый сельскохозяйственный налог";"01.04.2024";"0.1";"0.04";"70.9";"2695056139"
"Доходы, получаемые в виде арендной либо иной платы за передачу в возмездное пользование государственного и муниципального имущества (за исключением имущества бюджетных и автономных учреждений, а также имущества государственных и муниципальных унитарных предприятий, в том числе казенных)";"01.04.2024";"104.8";"30.9";"29.4";"2695056140"
"Доходы от сумм пеней, предусмотренных законодательством Российской Федерации о налогах и сборах, подлежащие зачислению в бюджеты субъектов Российской Федерации по нормативу, установленному Бюджетным кодексом Российской Федерации, распределяемые Федеральным казначейством между бюджетами субъектов Российской Федерации в соответствии с федеральным законом о федеральном бюджете";"01.04.2024";"5.2";"3.2";"61.3";"2695056141"
"Налог, взимаемый в связи с применением патентной системы налогообложения";"01.04.2024";"9.7";"4.6";"47.5";"2695056142"
"Плата по соглашениям об установлении сервитута в отношении земельных участков, находящихся в государственной или муниципальной собственности";"01.04.2024";"0.004";"0.1";"1304.8";"2695056143"
"ПРОЧИЕ НЕНАЛОГОВЫЕ ДОХОДЫ";"01.04.2024";"39.9";"22.8";"57.1";"2695056144"
"Торговый сбор";"01.04.2024";"8.5";"2.4";"27.9";"2695056145"
"Платежи от государственных и муниципальных унитарных предприятий";"01.04.2024";"0.3";"0.1";"30";"2695056146"
"Налог на профессиональный доход";"01.04.2024";"11.1";"3.2";"29.4";"2695056147"
"Невыясненные поступления";"01.04.2024";"";"-0.01";"";"2695056148"
"Налог, взимаемый в связи с применением специального налогового режима «Автоматизированная упрощенная система налогообложения»";"01.04.2024";"0.3";"0.1";"44.2";"2695056150"
"Прочие неналоговые доходы";"01.04.2024";"39.9";"22.8";"57.2";"2695056151"
"Прочие доходы от использования имущества и прав, находящихся в государственной и муниципальной собственности (за исключением имущества бюджетных и автономных учреждений, а также имущества государственных и муниципальных унитарных предприятий, в том числе казенных)";"01.04.2024";"8.2";"1.8";"22.5";"2695056152"
"НАЛОГИ НА ИМУЩЕСТВО";"01.04.2024";"281.4";"60";"21.3";"2695056153"
"Прочие неналоговые доходы в части невыясненных поступлений, по которым не осуществлен возврат (уточнение) не позднее трех лет со дня их зачисления на единый счет соответствующего бюджета бюджетной системы Российской Федерации";"01.04.2024";"0.001";"2.0E-5";"2.1";"2695056154"
"ПЛАТЕЖИ ПРИ ПОЛЬЗОВАНИИ ПРИРОДНЫМИ РЕСУРСАМИ";"01.04.2024";"0.2";"0.05";"28.1";"2695056155"
"Налог на имущество физических лиц";"01.04.2024";"32.2";"1.6";"4.9";"2695056156"
"Плата за негативное воздействие на окружающую среду";"01.04.2024";"0.2";"0.05";"29.4";"2695056157"
"Безвозмездные поступления";"01.04.2024";"32.5";"35.6";"109.5";"2695056158"
"Налог на имущество организаций";"01.04.2024";"187.4";"48.6";"25.9";"2695056159"
"Платежи при пользовании недрами";"01.04.2024";"0.01";"4.0E-5";"0.6";"2695056160"
"Транспортный налог";"01.04.2024";"33.3";"4.1";"12.2";"2695056161"
"ДОХОДЫ ОТ ОКАЗАНИЯ ПЛАТНЫХ УСЛУГ И КОМПЕНСАЦИИ ЗАТРАТ ГОСУДАРСТВА";"01.04.2024";"14.4";"4.9";"33.8";"2695056162"
"Налог на игорный бизнес";"01.04.2024";"0.4";"0.1";"14.8";"2695056163"
"Доходы от оказания платных услуг (работ)";"01.04.2024";"1.4";"0.4";"26";"2695056164"
"Земельный налог";"01.04.2024";"28.1";"5.8";"20.6";"2695056165"
"Доходы от компенсации затрат государства";"01.04.2024";"13";"4.5";"34.6";"2695056166"
"НАЛОГИ, СБОРЫ И РЕГУЛЯРНЫЕ ПЛАТЕЖИ ЗА ПОЛЬЗОВАНИЕ ПРИРОДНЫМИ РЕСУРСАМИ";"01.04.2024";"0.01";"0.002";"28";"2695056167"
"ДОХОДЫ ОТ ПРОДАЖИ МАТЕРИАЛЬНЫХ И НЕМАТЕРИАЛЬНЫХ АКТИВОВ";"01.04.2024";"19";"13.2";"69.7";"2695056168"
"Налог на добычу полезных ископаемых";"01.04.2024";"";"-0.002";"";"2695056169"
"Сборы за пользование объектами животного мира и за пользование объектами водных биологических ресурсов";"01.04.2024";"0.01";"0.004";"48.2";"2695056170"
"ГОСУДАРСТВЕННАЯ ПОШЛИНА";"01.04.2024";"4.8";"1.2";"25.6";"2695056171"
"Доходы в виде прибыли, приходящейся на доли в уставных (складочных) капиталах хозяйственных товариществ и обществ, или дивидендов по акциям, принадлежащим Российской Федерации, субъектам Российской Федерации или муниципальным образованиям";"01.04.2024";"1.6";"0";"0";"2695057049"
"Средства, получаемые от передачи имущества, находящегося в государственной и муниципальной собственности (за исключением имущества бюджетных и автономных учреждений, а также имущества государственных и муниципальных унитарных предприятий, в том числе казенных), в залог, в доверительное управление";"01.04.2024";"0.1";"0";"0";"2695057050"
"Государственная пошлина по делам, рассматриваемым в судах общей юрисдикции, мировыми судьями";"01.07.2024";"2.4";"1.4";"60.5";"2696369622"
"Доходы от продажи квартир";"01.07.2024";"4.2";"2.3";"55.1";"2696369623"
"Доходы от реализации имущества, находящегося в государственной и муниципальной собственности (за исключением движимого имущества бюджетных и автономных учреждений, а также имущества государственных и муниципальных унитарных предприятий, в том числе казенных)";"01.07.2024";"8.1";"7.9";"98.4";"2696369624"
"Государственная пошлина за государственную регистрацию актов гражданского состояния и другие юридически значимые действия, совершаемые органами записи актов гражданского состояния и иными уполномоченными органами (за исключением консульских учреждений Российской Федерации)";"01.07.2024";"0.1";"0.01";"27.7";"2696369625"
"Государственная пошлина за совершение действий, связанных с приобретением гражданства Российской Федерации или выходом из гражданства Российской Федерации, а также с въездом в Российскую Федерацию или выездом из Российской Федерации";"01.07.2024";"0.4";"0.3";"63";"2696369626"
"Доходы от продажи земельных участков, находящихся в государственной и муниципальной собственности";"01.07.2024";"2.3";"2.7";"115";"2696369627"
"Доходы, всего";"01.07.2024";"4324.2";"2365.6";"54.7";"2696369628"
"Государственная пошлина за государственную регистрацию, а также за совершение прочих юридически значимых действий";"01.07.2024";"1.9";"0.8";"43.9";"2696369629"
"Доходы от приватизации имущества, находящегося в государственной и муниципальной собственности";"01.07.2024";"4.4";"10.9";"246.3";"2696369630"
"ЗАДОЛЖЕННОСТЬ И ПЕРЕРАСЧЕТЫ ПО ОТМЕНЕННЫМ НАЛОГАМ, СБОРАМ И ИНЫМ ОБЯЗАТЕЛЬНЫМ ПЛАТЕЖАМ";"01.07.2024";"";"-0.001";"";"2696369631"
"АДМИНИСТРАТИВНЫЕ ПЛАТЕЖИ И СБОРЫ";"01.07.2024";"0.2";"0.3";"120.7";"2696369632"
"Налоги на имущество";"01.07.2024";"";"-4.0E-4";"";"2696369633"
"Платежи, взимаемые государственными и муниципальными органами (организациями) за выполнение определенных функций";"01.07.2024";"0.2";"0.3";"120.7";"2696369634"
"Прочие налоги и сборы (по отмененным налогам и сборам субъектов Российской Федерации)";"01.07.2024";"";"1.0E-5";"";"2696369635"
"ШТРАФЫ, САНКЦИИ, ВОЗМЕЩЕНИЕ УЩЕРБА";"01.07.2024";"46.5";"28.5";"61.3";"2696369636"
"Прочие налоги и сборы (по отмененным местным налогам и сборам)";"01.07.2024";"";"-1.0E-5";"";"2696369637"
"Административные штрафы, установленные Кодексом Российской Федерации об административных правонарушениях";"01.07.2024";"25.1";"13.8";"54.9";"2696369638"
"Налоговые доходы";"01.07.2024";"3981.5";"2070.5";"52";"2696369639"
"Налог, взимаемый в виде стоимости патента в связи с применением упрощенной системы налогообложения";"01.07.2024";"";"-2.0E-4";"";"2696369640"
"Административные штрафы, установленные Кодексом Российской Федерации об административных правонарушениях, за административные правонарушения в области производства и оборота этилового спирта, алкогольной и спиртосодержащей продукции, а также за административные правонарушения порядка ценообразования в части регулирования цен на этиловый спирт, алкогольную и спиртосодержащую продукцию";"01.07.2024";"0.1";"0.03";"56.2";"2696369641"
"Неналоговые доходы";"01.07.2024";"308.1";"242.3";"78.6";"2696369642"
"Административные штрафы, установленные законами субъектов Российской Федерации об административных правонарушениях";"01.07.2024";"11.8";"5.3";"44.9";"2696369643"
"НАЛОГИ НА ПРИБЫЛЬ, ДОХОДЫ";"01.07.2024";"3362.3";"1745.4";"51.9";"2696369644"
"ДОХОДЫ ОТ ИСПОЛЬЗОВАНИЯ ИМУЩЕСТВА, НАХОДЯЩЕГОСЯ В ГОСУДАРСТВЕННОЙ И МУНИЦИПАЛЬНОЙ СОБСТВЕННОСТИ";"01.07.2024";"188";"134";"71.3";"2696369645"
"Штрафы, неустойки, пени, уплаченные в соответствии с законом или договором в случае неисполнения или ненадлежащего исполнения обязательств перед государственным (муниципальным) органом, органом управления государственным внебюджетным фондом, казенным учреждением, Центральным банком Российской Федерации, иной организацией, действующей от имени Российской Федерации";"01.07.2024";"4.1";"1.6";"40";"2696369646"
"Налог на прибыль организаций";"01.07.2024";"1458.2";"851.2";"58.4";"2696369648"
"Платежи в целях возмещения причиненного ущерба (убытков)";"01.07.2024";"0.1";"0.04";"71.9";"2696369649"
"Доходы от размещения средств бюджетов";"01.07.2024";"73";"63.8";"87.4";"2696369650"
"Налог на доходы физических лиц";"01.07.2024";"1904.1";"894.2";"47";"2696369651"
"Платежи, уплачиваемые в целях возмещения вреда";"01.07.2024";"0.04";"0.02";"34.6";"2696369652"
"Доходы, получаемые в виде арендной либо иной платы за передачу в возмездное пользование государственного и муниципального имущества (за исключением имущества бюджетных и автономных учреждений, а также имущества государственных и муниципальных унитарных предприятий, в том числе казенных)";"01.07.2024";"104.8";"65.9";"62.9";"2696369653"
"НАЛОГИ НА ТОВАРЫ (РАБОТЫ, УСЛУГИ), РЕАЛИЗУЕМЫЕ НА ТЕРРИТОРИИ РОССИЙСКОЙ ФЕДЕРАЦИИ";"01.07.2024";"65.3";"28.4";"43.5";"2696369654"
"Доходы от сумм пеней, предусмотренных законодательством Российской Федерации о налогах и сборах, подлежащие зачислению в бюджеты субъектов Российской Федерации по нормативу, установленному Бюджетным кодексом Российской Федерации, распределяемые Федеральным казначейством между бюджетами субъектов Российской Федерации в соответствии с федеральным законом о федеральном бюджете";"01.07.2024";"5.2";"7.7";"146.3";"2696369655"
"Плата по соглашениям об установлении сервитута в отношении земельных участков, находящихся в государственной или муниципальной собственности";"01.07.2024";"0.004";"0.01";"286.2";"2696369656"
"Акцизы по подакцизным товарам (продукции), производимым на территории Российской Федерации";"01.07.2024";"65.3";"28.4";"43.5";"2696369657"
"ПРОЧИЕ НЕНАЛОГОВЫЕ ДОХОДЫ";"01.07.2024";"39.9";"47.8";"119.9";"2696369658"
"Платежи от государственных и муниципальных унитарных предприятий";"01.07.2024";"0.3";"0.5";"167";"2696369659"
"НАЛОГИ НА СОВОКУПНЫЙ ДОХОД";"01.07.2024";"267.7";"171.6";"64.1";"2696369660"
"Невыясненные поступления";"01.07.2024";"";"-0.001";"";"2696369661"
"Средства, получаемые от передачи имущества, находящегося в государственной и муниципальной собственности (за исключением имущества бюджетных и автономных учреждений, а также имущества государственных и муниципальных унитарных предприятий, в том числе казенных), в залог, в доверительное управление";"01.07.2024";"0.1";"0.1";"73.3";"2696369662"
"Прочие неналоговые доходы";"01.07.2024";"39.9";"47.8";"119.9";"2696369663"
"Налог, взимаемый в связи с применением упрощенной системы налогообложения";"01.07.2024";"238.1";"151.6";"63.7";"2696369664"
"Прочие доходы от использования имущества и прав, находящихся в государственной и муниципальной собственности (за исключением имущества бюджетных и автономных учреждений, а также имущества государственных и муниципальных унитарных предприятий, в том числе казенных)";"01.07.2024";"8.2";"3.8";"46.8";"2696369665"
"Прочие неналоговые доходы в части невыясненных поступлений, по которым не осуществлен возврат (уточнение) не позднее трех лет со дня их зачисления на единый счет соответствующего бюджета бюджетной системы Российской Федерации";"01.07.2024";"0.001";"1.0E-4";"18.4";"2696369666"
"Единый налог на вмененный доход для отдельных видов деятельности";"01.07.2024";"";"3.0E-5";"";"2696369667"
"ПЛАТЕЖИ ПРИ ПОЛЬЗОВАНИИ ПРИРОДНЫМИ РЕСУРСАМИ";"01.07.2024";"0.2";"0.1";"54.9";"2696369668"
"Безвозмездные поступления";"01.07.2024";"34.5";"52.9";"153.2";"2696369669"
"Единый сельскохозяйственный налог";"01.07.2024";"0.1";"0.05";"80";"2696369670"
"Плата за негативное воздействие на окружающую среду";"01.07.2024";"0.2";"0.1";"51.8";"2696369671"
"Налог, взимаемый в связи с применением патентной системы налогообложения";"01.07.2024";"9.7";"8";"82.5";"2696369672"
"Платежи при пользовании недрами";"01.07.2024";"0.01";"0.01";"116.4";"2696369673"
"ДОХОДЫ ОТ ОКАЗАНИЯ ПЛАТНЫХ УСЛУГ И КОМПЕНСАЦИИ ЗАТРАТ ГОСУДАРСТВА";"01.07.2024";"14.4";"7.8";"54.1";"2696369674"
"Торговый сбор";"01.07.2024";"8.5";"4.9";"57.3";"2696369675"
"Доходы от оказания платных услуг (работ)";"01.07.2024";"1.4";"0.9";"63.7";"2696369676"
"Налог на профессиональный доход";"01.07.2024";"11.1";"6.7";"60.9";"2696369677"
"Доходы от компенсации затрат государства";"01.07.2024";"13";"6.9";"53.1";"2696369678"
"Налог, взимаемый в связи с применением специального налогового режима «Автоматизированная упрощенная система налогообложения»";"01.07.2024";"0.3";"0.3";"96.3";"2696369679"
"ДОХОДЫ ОТ ПРОДАЖИ МАТЕРИАЛЬНЫХ И НЕМАТЕРИАЛЬНЫХ АКТИВОВ";"01.07.2024";"19";"23.8";"125.4";"2696369680"
"НАЛОГИ НА ИМУЩЕСТВО";"01.07.2024";"281.4";"122.5";"43.5";"2696369681"
"Налог на имущество физических лиц";"01.07.2024";"32.2";"2.3";"7.2";"2696369682"
"Налог на имущество организаций";"01.07.2024";"187.4";"100.7";"53.7";"2696369683"
"Транспортный налог";"01.07.2024";"33.3";"7.1";"21.2";"2696369684"
"Налог на игорный бизнес";"01.07.2024";"0.4";"0.1";"29.5";"2696369685"
"Земельный налог";"01.07.2024";"28.1";"12.4";"44";"2696369686"
"НАЛОГИ, СБОРЫ И РЕГУЛЯРНЫЕ ПЛАТЕЖИ ЗА ПОЛЬЗОВАНИЕ ПРИРОДНЫМИ РЕСУРСАМИ";"01.07.2024";"0.01";"0.01";"66.7";"2696369687"
"Налог на добычу полезных ископаемых";"01.07.2024";"";"-0.001";"";"2696369688"
"Сборы за пользование объектами животного мира и за пользование объектами водных биологических ресурсов";"01.07.2024";"0.01";"0.01";"83.6";"2696369689"
"ГОСУДАРСТВЕННАЯ ПОШЛИНА";"01.07.2024";"4.8";"2.6";"53.7";"2696369690"
"Доходы в виде прибыли, приходящейся на доли в уставных (складочных) капиталах хозяйственных товариществ и обществ, или дивидендов по акциям, принадлежащим Российской Федерации, субъектам Российской Федерации или муниципальным образованиям";"01.07.2024";"1.6";"0";"0";"2696369728"
"Государственная пошлина по делам, рассматриваемым в судах общей юрисдикции, мировыми судьями";"01.10.2024";"2.4";"2.5";"105.2";"2703817673"
"Доходы, всего";"01.10.2024";"4331.4";"3562.3";"82.2";"2703817674"
"ДОХОДЫ ОТ ПРОДАЖИ МАТЕРИАЛЬНЫХ И НЕМАТЕРИАЛЬНЫХ АКТИВОВ";"01.10.2024";"19";"34.3";"180.8";"2703817675"
"Государственная пошлина за государственную регистрацию актов гражданского состояния и другие юридически значимые действия, совершаемые органами записи актов гражданского состояния и иными уполномоченными органами (за исключением консульских учреждений Российской Федерации)";"01.10.2024";"0.1";"0.02";"42.8";"2703817676"
"Налоговые доходы";"01.10.2024";"3981.5";"3105.3";"78";"2703817677"
"Доходы от продажи квартир";"01.10.2024";"4.2";"3.3";"79.2";"2703817678"
"Государственная пошлина за совершение действий, связанных с приобретением гражданства Российской Федерации или выходом из гражданства Российской Федерации, а также с въездом в Российскую Федерацию или выездом из Российской Федерации";"01.10.2024";"0.4";"0.4";"93";"2703817679"
"Доходы от реализации имущества, находящегося в государственной и муниципальной собственности (за исключением движимого имущества бюджетных и автономных учреждений, а также имущества государственных и муниципальных унитарных предприятий, в том числе казенных)";"01.10.2024";"8.1";"10.8";"134.4";"2703817680"
"НАЛОГИ НА ПРИБЫЛЬ, ДОХОДЫ";"01.10.2024";"3362.3";"2618";"77.9";"2703817681"
"Государственная пошлина за государственную регистрацию, а также за совершение прочих юридически значимых действий";"01.10.2024";"1.9";"1.3";"67.1";"2703817682"
"Доходы от продажи земельных участков, находящихся в государственной и муниципальной собственности";"01.10.2024";"2.3";"4.8";"204.5";"2703817683"
"Налог на прибыль организаций";"01.10.2024";"1458.2";"1163.5";"79.8";"2703817684"
"ЗАДОЛЖЕННОСТЬ И ПЕРЕРАСЧЕТЫ ПО ОТМЕНЕННЫМ НАЛОГАМ, СБОРАМ И ИНЫМ ОБЯЗАТЕЛЬНЫМ ПЛАТЕЖАМ";"01.10.2024";"";"-0.001";"";"2703817685"
"Доходы от приватизации имущества, находящегося в государственной и муниципальной собственности";"01.10.2024";"4.4";"15.4";"348.6";"2703817686"
"Налог на доходы физических лиц";"01.10.2024";"1904.1";"1454.5";"76.4";"2703817687"
"Платежи за пользование природными ресурсами";"01.10.2024";"";"1.0E-6";"";"2703817688"
"АДМИНИСТРАТИВНЫЕ ПЛАТЕЖИ И СБОРЫ";"01.10.2024";"0.2";"0.3";"152.4";"2703817689"
"Налоги на имущество";"01.10.2024";"";"-4.0E-4";"";"2703817690"
"НАЛОГИ НА ТОВАРЫ (РАБОТЫ, УСЛУГИ), РЕАЛИЗУЕМЫЕ НА ТЕРРИТОРИИ РОССИЙСКОЙ ФЕДЕРАЦИИ";"01.10.2024";"65.3";"42.3";"64.9";"2703817691"
"Платежи, взимаемые государственными и муниципальными органами (организациями) за выполнение определенных функций";"01.10.2024";"0.2";"0.3";"152.4";"2703817692"
"Прочие налоги и сборы (по отмененным налогам и сборам субъектов Российской Федерации)";"01.10.2024";"";"-3.0E-4";"";"2703817693"
"Акцизы по подакцизным товарам (продукции), производимым на территории Российской Федерации";"01.10.2024";"65.3";"42.3";"64.9";"2703817694"
"ШТРАФЫ, САНКЦИИ, ВОЗМЕЩЕНИЕ УЩЕРБА";"01.10.2024";"46.5";"47.1";"101.3";"2703817695"
"Прочие налоги и сборы (по отмененным местным налогам и сборам)";"01.10.2024";"";"-1.0E-5";"";"2703817696"
"НАЛОГИ НА СОВОКУПНЫЙ ДОХОД";"01.10.2024";"267.7";"243.8";"91.1";"2703817697"
"Административные штрафы, установленные Кодексом Российской Федерации об административных правонарушениях";"01.10.2024";"25.1";"23.6";"94.2";"2703817698"
"Налог, взимаемый в виде стоимости патента в связи с применением упрощенной системы налогообложения";"01.10.2024";"";"-2.0E-4";"";"2703817699"
"Налог, взимаемый в связи с применением упрощенной системы налогообложения";"01.10.2024";"238.1";"215.9";"90.7";"2703817700"
"Административные штрафы, установленные Кодексом Российской Федерации об административных правонарушениях, за административные правонарушения в области производства и оборота этилового спирта, алкогольной и спиртосодержащей продукции, а также за административные правонарушения порядка ценообразования в части регулирования цен на этиловый спирт, алкогольную и спиртосодержащую продукцию";"01.10.2024";"0.1";"0.05";"83.9";"2703817701"
"Неналоговые доходы";"01.10.2024";"308.1";"384";"124.6";"2703817702"
"Единый налог на вмененный доход для отдельных видов деятельности";"01.10.2024";"";"3.0E-5";"";"2703817703"
"Административные штрафы, установленные законами субъектов Российской Федерации об административных правонарушениях";"01.10.2024";"11.8";"8.4";"71.2";"2703817704"
"ДОХОДЫ ОТ ИСПОЛЬЗОВАНИЯ ИМУЩЕСТВА, НАХОДЯЩЕГОСЯ В ГОСУДАРСТВЕННОЙ И МУНИЦИПАЛЬНОЙ СОБСТВЕННОСТИ";"01.10.2024";"188";"217.3";"115.6";"2703817705"
"Единый сельскохозяйственный налог";"01.10.2024";"0.1";"0.1";"136.8";"2703817706"
"Доходы в виде прибыли, приходящейся на доли в уставных (складочных) капиталах хозяйственных товариществ и обществ, или дивидендов по акциям, принадлежащим Российской Федерации, субъектам Российской Федерации или муниципальным образованиям";"01.10.2024";"1.6";"2.3";"142.1";"2703817707"
"Штрафы, неустойки, пени, уплаченные в соответствии с законом или договором в случае неисполнения или ненадлежащего исполнения обязательств перед государственным (муниципальным) органом, органом управления государственным внебюджетным фондом, казенным учреждением, Центральным банком Российской Федерации, иной организацией, действующей от имени Российской Федерации";"01.10.2024";"4.1";"2.5";"61.7";"2703817708"
"Платежи в целях возмещения причиненного ущерба (убытков)";"01.10.2024";"0.1";"0.8";"1286.4";"2703817709"
"Налог, взимаемый в связи с применением патентной системы налогообложения";"01.10.2024";"9.7";"9.5";"97.6";"2703817710"
"Доходы от размещения средств бюджетов";"01.10.2024";"73";"107.4";"147.2";"2703817711"
"Торговый сбор";"01.10.2024";"8.5";"7.4";"87.3";"2703817712"
"Платежи, уплачиваемые в целях возмещения вреда";"01.10.2024";"0.04";"0.03";"69.6";"2703817713"
"Доходы, получаемые в виде арендной либо иной платы за передачу в возмездное пользование государственного и муниципального имущества (за исключением имущества бюджетных и автономных учреждений, а также имущества государственных и муниципальных унитарных предприятий, в том числе казенных)";"01.10.2024";"104.8";"101.2";"96.6";"2703817714"
"Доходы от сумм пеней, предусмотренных законодательством Российской Федерации о налогах и сборах, подлежащие зачислению в бюджеты субъектов Российской Федерации по нормативу, установленному Бюджетным кодексом Российской Федерации, распределяемые Федеральным казначейством между бюджетами субъектов Российской Федерации в соответствии с федеральным законом о федеральном бюджете";"01.10.2024";"5.2";"11.6";"221.4";"2703817715"
"Плата по соглашениям об установлении сервитута в отношении земельных участков, находящихся в государственной или муниципальной собственности";"01.10.2024";"0.004";"0.1";"1725.5";"2703817716"
"Налог на профессиональный доход";"01.10.2024";"11.1";"10.4";"94.5";"2703817717"
"Платежи от государственных и муниципальных унитарных предприятий";"01.10.2024";"0.3";"0.5";"167";"2703817718"
"ПРОЧИЕ НЕНАЛОГОВЫЕ ДОХОДЫ";"01.10.2024";"39.9";"72";"180.5";"2703817719"
"Налог, взимаемый в связи с применением специального налогового режима «Автоматизированная упрощенная система налогообложения»";"01.10.2024";"0.3";"0.5";"152.9";"2703817720"
"Средства, получаемые от передачи имущества, находящегося в государственной и муниципальной собственности (за исключением имущества бюджетных и автономных учреждений, а также имущества государственных и муниципальных унитарных предприятий, в том числе казенных), в залог, в доверительное управление";"01.10.2024";"0.1";"0.1";"73.3";"2703817721"
"Невыясненные поступления";"01.10.2024";"";"0.001";"";"2703817722"
"Прочие доходы от использования имущества и прав, находящихся в государственной и муниципальной собственности (за исключением имущества бюджетных и автономных учреждений, а также имущества государственных и муниципальных унитарных предприятий, в том числе казенных)";"01.10.2024";"8.2";"5.8";"70.2";"2703817723"
"Прочие неналоговые доходы";"01.10.2024";"39.9";"72";"180.5";"2703817724"
"НАЛОГИ НА ИМУЩЕСТВО";"01.10.2024";"281.4";"196.8";"69.9";"2703817725"
"Прочие неналоговые доходы в части невыясненных поступлений, по которым не осуществлен возврат (уточнение) не позднее трех лет со дня их зачисления на единый счет соответствующего бюджета бюджетной системы Российской Федерации";"01.10.2024";"0.001";"0.001";"116.9";"2703817726"
"ПЛАТЕЖИ ПРИ ПОЛЬЗОВАНИИ ПРИРОДНЫМИ РЕСУРСАМИ";"01.10.2024";"0.2";"0.1";"76.9";"2703817727"
"Налог на имущество физических лиц";"01.10.2024";"32.2";"8.2";"25.4";"2703817728"
"Безвозмездные поступления";"01.10.2024";"41.7";"73.1";"175.1";"2703817729"
"Плата за негативное воздействие на окружающую среду";"01.10.2024";"0.2";"0.1";"73.5";"2703817730"
"Налог на имущество организаций";"01.10.2024";"187.4";"154.7";"82.6";"2703817731"
"Платежи при пользовании недрами";"01.10.2024";"0.01";"0.01";"145.1";"2703817732"
"Транспортный налог";"01.10.2024";"33.3";"14.4";"43.3";"2703817733"
"ДОХОДЫ ОТ ОКАЗАНИЯ ПЛАТНЫХ УСЛУГ И КОМПЕНСАЦИИ ЗАТРАТ ГОСУДАРСТВА";"01.10.2024";"14.4";"12.9";"89.1";"2703817734"
"Налог на игорный бизнес";"01.10.2024";"0.4";"0.2";"46.2";"2703817735"
"Доходы от оказания платных услуг (работ)";"01.10.2024";"1.4";"1.3";"94.1";"2703817736"
"Земельный налог";"01.10.2024";"28.1";"19.3";"68.5";"2703817737"
"НАЛОГИ, СБОРЫ И РЕГУЛЯРНЫЕ ПЛАТЕЖИ ЗА ПОЛЬЗОВАНИЕ ПРИРОДНЫМИ РЕСУРСАМИ";"01.10.2024";"0.01";"0.01";"168.1";"2703817738"
"Доходы от компенсации затрат государства";"01.10.2024";"13";"11.5";"88.5";"2703817739"
"Налог на добычу полезных ископаемых";"01.10.2024";"";"0.003";"";"2703817740"
"Сборы за пользование объектами животного мира и за пользование объектами водных биологических ресурсов";"01.10.2024";"0.01";"0.01";"129.6";"2703817741"
"ГОСУДАРСТВЕННАЯ ПОШЛИНА";"01.10.2024";"4.8";"4.2";"88.1";"2703817742"
"Государственная пошлина по делам, рассматриваемым в судах общей юрисдикции, мировыми судьями";"01.01.2025";"2.4";"4.6";"190.9";"2724176391"
"ДОХОДЫ ОТ ПРОДАЖИ МАТЕРИАЛЬНЫХ И НЕМАТЕРИАЛЬНЫХ АКТИВОВ";"01.01.2025";"19";"43.9";"231.7";"2724176392"
"Доходы, всего";"01.01.2025";"4342.5";"5170.2";"119.1";"2724176393"
"Государственная пошлина за государственную регистрацию актов гражданского состояния и другие юридически значимые действия, совершаемые органами записи актов гражданского состояния и иными уполномоченными органами (за исключением консульских учреждений Российской Федерации)";"01.01.2025";"0.1";"0.03";"57.9";"2724176394"
"Доходы от продажи квартир";"01.01.2025";"4.2";"4.7";"113.4";"2724176395"
"Налоговые доходы";"01.01.2025";"3981.5";"4487.9";"112.7";"2724176396"
"Государственная пошлина за совершение действий, связанных с приобретением гражданства Российской Федерации или выходом из гражданства Российской Федерации, а также с въездом в Российскую Федерацию или выездом из Российской Федерации";"01.01.2025";"0.4";"0.5";"112";"2724176397"
"Доходы от реализации имущества, находящегося в государственной и муниципальной собственности (за исключением движимого имущества бюджетных и автономных учреждений, а также имущества государственных и муниципальных унитарных предприятий, в том числе казенных)";"01.01.2025";"8.1";"12.7";"157.5";"2724176398"
"НАЛОГИ НА ПРИБЫЛЬ, ДОХОДЫ";"01.01.2025";"3362.3";"3795";"112.9";"2724176399"
"Государственная пошлина за государственную регистрацию, а также за совершение прочих юридически значимых действий";"01.01.2025";"1.9";"1.8";"94.2";"2724176400"
"Доходы от продажи земельных участков, находящихся в государственной и муниципальной собственности";"01.01.2025";"2.3";"7.7";"332.8";"2724176401"
"Налог на прибыль организаций";"01.01.2025";"1458.2";"1599.2";"109.7";"2724176402"
"Плата за увеличение площади земельных участков, находящихся в частной собственности, в результате перераспределения таких земельных участков и земель (или) земельных участков, находящихся в государственной или муниципальной собственности";"01.01.2025";"";"0.01";"";"2724176403"
"ЗАДОЛЖЕННОСТЬ И ПЕРЕРАСЧЕТЫ ПО ОТМЕНЕННЫМ НАЛОГАМ, СБОРАМ И ИНЫМ ОБЯЗАТЕЛЬНЫМ ПЛАТЕЖАМ";"01.01.2025";"";"-0.001";"";"2724176404"
"Доходы от приватизации имущества, находящегося в государственной и муниципальной собственности";"01.01.2025";"4.4";"18.8";"425.3";"2724176405"
"Налог на доходы физических лиц";"01.01.2025";"1904.1";"2195.7";"115.3";"2724176406"
"АДМИНИСТРАТИВНЫЕ ПЛАТЕЖИ И СБОРЫ";"01.01.2025";"0.2";"0.4";"191.5";"2724176407"
"Платежи за пользование природными ресурсами";"01.01.2025";"";"1.0E-6";"";"2724176408"
"Платежи, взимаемые государственными и муниципальными органами (организациями) за выполнение определенных функций";"01.01.2025";"0.2";"0.4";"191.5";"2724176409"
"Налоги на имущество";"01.01.2025";"";"-1.0E-4";"";"2724176410"
"ШТРАФЫ, САНКЦИИ, ВОЗМЕЩЕНИЕ УЩЕРБА";"01.01.2025";"46.5";"66.5";"143.2";"2724176411"
"Прочие налоги и сборы (по отмененным налогам и сборам субъектов Российской Федерации)";"01.01.2025";"";"-3.0E-4";"";"2724176412"
"Административные штрафы, установленные Кодексом Российской Федерации об административных правонарушениях";"01.01.2025";"25.1";"31.2";"124.3";"2724176413"
"НАЛОГИ НА ТОВАРЫ (РАБОТЫ, УСЛУГИ), РЕАЛИЗУЕМЫЕ НА ТЕРРИТОРИИ РОССИЙСКОЙ ФЕДЕРАЦИИ";"01.01.2025";"65.3";"63.8";"97.7";"2724176414"
"Административные штрафы, установленные Кодексом Российской Федерации об административных правонарушениях, за административные правонарушения в области производства и оборота этилового спирта, алкогольной и спиртосодержащей продукции, а также за административные правонарушения порядка ценообразования в части регулирования цен на этиловый спирт, алкогольную и спиртосодержащую продукцию";"01.01.2025";"0.1";"0.1";"122.4";"2724176415"
"Прочие налоги и сборы (по отмененным местным налогам и сборам)";"01.01.2025";"";"-1.0E-5";"";"2724176416"
"Административные штрафы, установленные законами субъектов Российской Федерации об административных правонарушениях";"01.01.2025";"11.8";"12.7";"107.4";"2724176417"
"Налог, взимаемый в виде стоимости патента в связи с применением упрощенной системы налогообложения";"01.01.2025";"";"-2.0E-4";"";"2724176418"
"Неналоговые доходы";"01.01.2025";"308.1";"588";"190.8";"2724176419"
"Акцизы по подакцизным товарам (продукции), производимым на территории Российской Федерации";"01.01.2025";"65.3";"63.8";"97.7";"2724176420"
"Штрафы, неустойки, пени, уплаченные в соответствии с законом или договором в случае неисполнения или ненадлежащего исполнения обязательств перед государственным (муниципальным) органом, органом управления государственным внебюджетным фондом, казенным учреждением, Центральным банком Российской Федерации, иной организацией, действующей от имени Российской Федерации";"01.01.2025";"4.1";"3.7";"88.8";"2724176421"
"НАЛОГИ НА СОВОКУПНЫЙ ДОХОД";"01.01.2025";"267.7";"319.2";"119.2";"2724176422"
"ДОХОДЫ ОТ ИСПОЛЬЗОВАНИЯ ИМУЩЕСТВА, НАХОДЯЩЕГОСЯ В ГОСУДАРСТВЕННОЙ И МУНИЦИПАЛЬНОЙ СОБСТВЕННОСТИ";"01.01.2025";"188";"365.7";"194.5";"2724176423"
"Налог, взимаемый в связи с применением упрощенной системы налогообложения";"01.01.2025";"238.1";"283.8";"119.2";"2724176424"
"Единый налог на вмененный доход для отдельных видов деятельности";"01.01.2025";"";"1.0E-4";"";"2724176425"
"Платежи в целях возмещения причиненного ущерба (убытков)";"01.01.2025";"0.1";"0.8";"1363.5";"2724176426"
"Единый сельскохозяйственный налог";"01.01.2025";"0.1";"0.1";"132.4";"2724176427"
"Доходы в виде прибыли, приходящейся на доли в уставных (складочных) капиталах хозяйственных товариществ и обществ, или дивидендов по акциям, принадлежащим Российской Федерации, субъектам Российской Федерации или муниципальным образованиям";"01.01.2025";"1.6";"2.5";"152.6";"2724176428"
"Платежи, уплачиваемые в целях возмещения вреда";"01.01.2025";"0.04";"0.1";"118.5";"2724176429"
"Доходы от размещения средств бюджетов";"01.01.2025";"73";"206.4";"283";"2724176430"
"Налог, взимаемый в связи с применением патентной системы налогообложения";"01.01.2025";"9.7";"9.4";"97.3";"2724176431"
"Доходы от сумм пеней, предусмотренных законодательством Российской Федерации о налогах и сборах, подлежащие зачислению в бюджеты субъектов Российской Федерации по нормативу, установленному Бюджетным кодексом Российской Федерации, распределяемые Федеральным казначейством между бюджетами субъектов Российской Федерации в соответствии с федеральным законом о федеральном бюджете";"01.01.2025";"5.2";"18.1";"343.9";"2724176432"
"Доходы, получаемые в виде арендной либо иной платы за передачу в возмездное пользование государственного и муниципального имущества (за исключением имущества бюджетных и автономных учреждений, а также имущества государственных и муниципальных унитарных предприятий, в том числе казенных)";"01.01.2025";"104.8";"147.4";"140.6";"2724176433"
"Плата по соглашениям об установлении сервитута в отношении земельных участков, находящихся в государственной или муниципальной собственности";"01.01.2025";"0.004";"0.03";"585.1";"2724176434"
"Торговый сбор";"01.01.2025";"8.5";"10";"117.3";"2724176435"
"ПРОЧИЕ НЕНАЛОГОВЫЕ ДОХОДЫ";"01.01.2025";"39.9";"91.2";"228.7";"2724176436"
"Налог на профессиональный доход";"01.01.2025";"11.1";"15.1";"136.8";"2724176437"
"Невыясненные поступления";"01.01.2025";"";"0.01";"";"2724176438"
"Платежи от государственных и муниципальных унитарных предприятий";"01.01.2025";"0.3";"0.5";"167";"2724176439"
"Налог, взимаемый в связи с применением специального налогового режима «Автоматизированная упрощенная система налогообложения»";"01.01.2025";"0.3";"0.7";"219.8";"2724176440"
"Прочие неналоговые доходы";"01.01.2025";"39.9";"91.2";"228.7";"2724176441"
"НАЛОГИ НА ИМУЩЕСТВО";"01.01.2025";"281.4";"303";"107.7";"2724176442"
"Средства, получаемые от передачи имущества, находящегося в государственной и муниципальной собственности (за исключением имущества бюджетных и автономных учреждений, а также имущества государственных и муниципальных унитарных предприятий, в том числе казенных), в залог, в доверительное управление";"01.01.2025";"0.1";"0.1";"73.3";"2724176444"
"Прочие доходы от использования имущества и прав, находящихся в государственной и муниципальной собственности (за исключением имущества бюджетных и автономных учреждений, а также имущества государственных и муниципальных унитарных предприятий, в том числе казенных)";"01.01.2025";"8.2";"8.8";"107.5";"2724176445"
"Налог на имущество физических лиц";"01.01.2025";"32.2";"33.6";"104.3";"2724176446"
"Прочие неналоговые доходы в части невыясненных поступлений, по которым не осуществлен возврат (уточнение) не позднее трех лет со дня их зачисления на единый счет соответствующего бюджета бюджетной системы Российской Федерации";"01.01.2025";"0.001";"0.001";"185.7";"2724176447"
"Налог на имущество организаций";"01.01.2025";"187.4";"206.9";"110.4";"2724176448"
"ПЛАТЕЖИ ПРИ ПОЛЬЗОВАНИИ ПРИРОДНЫМИ РЕСУРСАМИ";"01.01.2025";"0.2";"0.2";"98.9";"2724176449"
"Транспортный налог";"01.01.2025";"33.3";"35.2";"105.6";"2724176450"
"Безвозмездные поступления";"01.01.2025";"52.8";"94.3";"178.4";"2724176451"
"Плата за негативное воздействие на окружающую среду";"01.01.2025";"0.2";"0.2";"95";"2724176452"
"Налог на игорный бизнес";"01.01.2025";"0.4";"0.2";"63.2";"2724176453"
"Платежи при пользовании недрами";"01.01.2025";"0.01";"0.01";"178.5";"2724176454"
"Земельный налог";"01.01.2025";"28.1";"27.1";"96.2";"2724176455"
"ДОХОДЫ ОТ ОКАЗАНИЯ ПЛАТНЫХ УСЛУГ И КОМПЕНСАЦИИ ЗАТРАТ ГОСУДАРСТВА";"01.01.2025";"14.4";"20";"138.5";"2724176456"
"НАЛОГИ, СБОРЫ И РЕГУЛЯРНЫЕ ПЛАТЕЖИ ЗА ПОЛЬЗОВАНИЕ ПРИРОДНЫМИ РЕСУРСАМИ";"01.01.2025";"0.01";"0.02";"254.5";"2724176457"
"Доходы от оказания платных услуг (работ)";"01.01.2025";"1.4";"1.8";"127.9";"2724176458"
"Налог на добычу полезных ископаемых";"01.01.2025";"";"0.01";"";"2724176459"
"Доходы от компенсации затрат государства";"01.01.2025";"13";"18.2";"139.6";"2724176460"
"Сборы за пользование объектами животного мира и за пользование объектами водных биологических ресурсов";"01.01.2025";"0.01";"0.01";"183.5";"2724176461"
"ГОСУДАРСТВЕННАЯ ПОШЛИНА";"01.01.2025";"4.8";"6.9";"143.5";"2724176462"
"Доходы, всего";"01.04.2025";"5160.5";"1227.8";"23.8";"2755747609"
"Государственная пошлина по делам, рассматриваемым в судах общей юрисдикции, мировыми судьями";"01.04.2025";"3.2";"2";"62.7";"2755747610"
"Доходы от продажи квартир";"01.04.2025";"5.6";"1";"17.6";"2755747611"
"Налоговые доходы";"01.04.2025";"4661.3";"1055.1";"22.6";"2755747612"
"Государственная пошлина за государственную регистрацию актов гражданского состояния и другие юридически значимые действия, совершаемые органами записи актов гражданского состояния и иными уполномоченными органами (за исключением консульских учреждений Российской Федерации)";"01.04.2025";"0.04";"0.02";"62.4";"2755747613"
"Доходы от реализации имущества, находящегося в государственной и муниципальной собственности (за исключением движимого имущества бюджетных и автономных учреждений, а также имущества государственных и муниципальных унитарных предприятий, в том числе казенных)";"01.04.2025";"9.1";"2.5";"26.9";"2755747614"
"НАЛОГИ НА ПРИБЫЛЬ, ДОХОДЫ";"01.04.2025";"3911.4";"914.6";"23.4";"2755747615"
"Государственная пошлина за совершение действий, связанных с приобретением гражданства Российской Федерации или выходом из гражданства Российской Федерации, а также с въездом в Российскую Федерацию или выездом из Российской Федерации";"01.04.2025";"0.6";"0.1";"18.5";"2755747616"
"Доходы от продажи земельных участков, находящихся в государственной и муниципальной собственности";"01.04.2025";"5.6";"0.8";"14.1";"2755747617"
"Налог на прибыль организаций";"01.04.2025";"1581.5";"491.6";"31.1";"2755747618"
"Плата за увеличение площади земельных участков, находящихся в частной собственности, в результате перераспределения таких земельных участков и земель (или) земельных участков, находящихся в государственной или муниципальной собственности";"01.04.2025";"";"0.4";"";"2755747619"
"Государственная пошлина за государственную регистрацию, а также за совершение прочих юридически значимых действий";"01.04.2025";"2";"0.6";"29.3";"2755747620"
"Налог на доходы физических лиц";"01.04.2025";"2329.9";"423.1";"18.2";"2755747621"
"Доходы от приватизации имущества, находящегося в государственной и муниципальной собственности";"01.04.2025";"16.1";"4.5";"28";"2755747622"
"ЗАДОЛЖЕННОСТЬ И ПЕРЕРАСЧЕТЫ ПО ОТМЕНЕННЫМ НАЛОГАМ, СБОРАМ И ИНЫМ ОБЯЗАТЕЛЬНЫМ ПЛАТЕЖАМ";"01.04.2025";"";"-2.0E-4";"";"2755747623"
"НАЛОГИ НА ТОВАРЫ (РАБОТЫ, УСЛУГИ), РЕАЛИЗУЕМЫЕ НА ТЕРРИТОРИИ РОССИЙСКОЙ ФЕДЕРАЦИИ";"01.04.2025";"73.6";"14.9";"20.2";"2755747624"
"АДМИНИСТРАТИВНЫЕ ПЛАТЕЖИ И СБОРЫ";"01.04.2025";"0.2";"0.04";"16.4";"2755747625"
"Налоги на имущество";"01.04.2025";"";"-4.0E-4";"";"2755747626"
"Платежи, взимаемые государственными и муниципальными органами (организациями) за выполнение определенных функций";"01.04.2025";"0.2";"0.04";"16.4";"2755747627"
"Акцизы по подакцизным товарам (продукции), производимым на территории Российской Федерации";"01.04.2025";"73.6";"14.9";"20.2";"2755747628"
"НАЛОГИ НА СОВОКУПНЫЙ ДОХОД";"01.04.2025";"362.7";"54.2";"14.9";"2755747630"
"ШТРАФЫ, САНКЦИИ, ВОЗМЕЩЕНИЕ УЩЕРБА";"01.04.2025";"60";"15.7";"26.1";"2755747631"
"Налог, взимаемый в связи с применением упрощенной системы налогообложения";"01.04.2025";"321.4";"41.8";"13";"2755747632"
"Административные штрафы, установленные Кодексом Российской Федерации об административных правонарушениях";"01.04.2025";"25.5";"5.6";"22";"2755747633"
"Прочие налоги и сборы (по отмененным местным налогам и сборам)";"01.04.2025";"";"1.0E-5";"";"2755747634"
"Единый налог на вмененный доход для отдельных видов деятельности";"01.04.2025";"";"-1.0E-4";"";"2755747635"
"Административные штрафы, установленные Кодексом Российской Федерации об административных правонарушениях, за административные правонарушения в области производства и оборота этилового спирта, алкогольной и спиртосодержащей продукции, а также за административные правонарушения порядка ценообразования в части регулирования цен на этиловый спирт, алкогольную и спиртосодержащую продукцию";"01.04.2025";"0.1";"0.01";"27.8";"2755747636"
"Налог, взимаемый в виде стоимости патента в связи с применением упрощенной системы налогообложения";"01.04.2025";"";"2.0E-4";"";"2755747637"
"Единый сельскохозяйственный налог";"01.04.2025";"0.1";"0.1";"57.4";"2755747638"
"Административные штрафы, установленные законами субъектов Российской Федерации об административных правонарушениях";"01.04.2025";"14.1";"3.5";"24.6";"2755747639"
"Неналоговые доходы";"01.04.2025";"460";"127.4";"27.7";"2755747640"
"Налог, взимаемый в связи с применением патентной системы налогообложения";"01.04.2025";"11.4";"4.8";"41.8";"2755747641"
"Штрафы, неустойки, пени, уплаченные в соответствии с законом или договором в случае неисполнения или ненадлежащего исполнения обязательств перед государственным (муниципальным) органом, органом управления государственным внебюджетным фондом, казенным учреждением, Центральным банком Российской Федерации, иной организацией, действующей от имени Российской Федерации";"01.04.2025";"4.1";"0.9";"22.7";"2755747642"
"Торговый сбор";"01.04.2025";"11.7";"2.6";"22.1";"2755747643"
"ДОХОДЫ ОТ ИСПОЛЬЗОВАНИЯ ИМУЩЕСТВА, НАХОДЯЩЕГОСЯ В ГОСУДАРСТВЕННОЙ И МУНИЦИПАЛЬНОЙ СОБСТВЕННОСТИ";"01.04.2025";"290.2";"88.3";"30.4";"2755747644"
"Платежи в целях возмещения причиненного ущерба (убытков)";"01.04.2025";"0.1";"-0.002";"-1.4";"2755747645"
"Налог на профессиональный доход";"01.04.2025";"17.4";"4.7";"27.3";"2755747646"
"Платежи, уплачиваемые в целях возмещения вреда";"01.04.2025";"0.03";"0.01";"24.6";"2755747648"
"Доходы от размещения средств бюджетов";"01.04.2025";"141.5";"55.7";"39.4";"2755747649"
"Доходы от сумм пеней, предусмотренных законодательством Российской Федерации о налогах и сборах, подлежащие зачислению в бюджеты субъектов Российской Федерации по нормативу, установленному Бюджетным кодексом Российской Федерации, распределяемые Федеральным казначейством между бюджетами субъектов Российской Федерации в соответствии с федеральным законом о федеральном бюджете";"01.04.2025";"16.1";"5.6";"35.1";"2755747650"
"Налог, взимаемый в связи с применением специального налогового режима «Автоматизированная упрощенная система налогообложения»";"01.04.2025";"0.7";"0.2";"31.5";"2755747651"
"Доходы, получаемые в виде арендной либо иной платы за передачу в возмездное пользование государственного и муниципального имущества (за исключением имущества бюджетных и автономных учреждений, а также имущества государственных и муниципальных унитарных предприятий, в том числе казенных)";"01.04.2025";"135";"28.6";"21.2";"2755747652"
"ПРОЧИЕ НЕНАЛОГОВЫЕ ДОХОДЫ";"01.04.2025";"57.7";"10.8";"18.7";"2755747653"
"НАЛОГИ НА ИМУЩЕСТВО";"01.04.2025";"307.7";"68.6";"22.3";"2755747654"
"Плата по соглашениям об установлении сервитута в отношении земельных участков, находящихся в государственной или муниципальной собственности";"01.04.2025";"0.01";"0.001";"10.2";"2755747655"
"Невыясненные поступления";"01.04.2025";"";"-0.005";"";"2755747656"
"Прочие неналоговые доходы";"01.04.2025";"57.7";"10.8";"18.7";"2755747657"
"Налог на имущество физических лиц";"01.04.2025";"36.2";"1.7";"4.6";"2755747658"
"Платежи от государственных и муниципальных унитарных предприятий";"01.04.2025";"0.1";"0.2";"177.9";"2755747659"
"Налог на имущество организаций";"01.04.2025";"207.6";"55.2";"26.6";"2755747660"
"Прочие неналоговые доходы в части невыясненных поступлений, по которым не осуществлен возврат (уточнение) не позднее трех лет со дня их зачисления на единый счет соответствующего бюджета бюджетной системы Российской Федерации";"01.04.2025";"0.001";"2.0E-4";"26.9";"2755747661"
"Прочие доходы от использования имущества и прав, находящихся в государственной и муниципальной собственности (за исключением имущества бюджетных и автономных учреждений, а также имущества государственных и муниципальных унитарных предприятий, в том числе казенных)";"01.04.2025";"11.5";"3.8";"33.1";"2755747663"
"Транспортный налог";"01.04.2025";"34.3";"3.7";"10.9";"2755747664"
"Безвозмездные поступления";"01.04.2025";"39.2";"45.3";"115.6";"2755747665"
"ПЛАТЕЖИ ПРИ ПОЛЬЗОВАНИИ ПРИРОДНЫМИ РЕСУРСАМИ";"01.04.2025";"0.2";"0.04";"26.9";"2755747666"
"Налог на игорный бизнес";"01.04.2025";"0.2";"0.1";"61.8";"2755747667"
"Плата за негативное воздействие на окружающую среду";"01.04.2025";"0.2";"0.04";"25.7";"2755747668"
"Земельный налог";"01.04.2025";"29.3";"7.9";"26.9";"2755747669"
"Платежи при пользовании недрами";"01.04.2025";"1.0E-4";"0.002";"2048.5";"2755747670"
"НАЛОГИ, СБОРЫ И РЕГУЛЯРНЫЕ ПЛАТЕЖИ ЗА ПОЛЬЗОВАНИЕ ПРИРОДНЫМИ РЕСУРСАМИ";"01.04.2025";"0.01";"0.1";"444.2";"2755747671"
"Налог на добычу полезных ископаемых";"01.04.2025";"";"0.1";"";"2755747672"
"ДОХОДЫ ОТ ОКАЗАНИЯ ПЛАТНЫХ УСЛУГ И КОМПЕНСАЦИИ ЗАТРАТ ГОСУДАРСТВА";"01.04.2025";"15.4";"3.4";"22.3";"2755747673"
"Сборы за пользование объектами животного мира и за пользование объектами водных биологических ресурсов";"01.04.2025";"0.01";"0.002";"14.6";"2755747674"
"Доходы от оказания платных услуг (работ)";"01.04.2025";"1.6";"0.3";"20.4";"2755747675"
"ГОСУДАРСТВЕННАЯ ПОШЛИНА";"01.04.2025";"5.9";"2.8";"46.6";"2755747676"
"Доходы от компенсации затрат государства";"01.04.2025";"13.8";"3.1";"22.5";"2755747677"
"ДОХОДЫ ОТ ПРОДАЖИ МАТЕРИАЛЬНЫХ И НЕМАТЕРИАЛЬНЫХ АКТИВОВ";"01.04.2025";"36.4";"9.1";"25.1";"2755747678"
"Прочие налоги и сборы (по отмененным налогам и сборам субъектов Российской Федерации)";"01.04.2025";"";"0";"";"2755751116"
"Доходы в виде прибыли, приходящейся на доли в уставных (складочных) капиталах хозяйственных товариществ и обществ, или дивидендов по акциям, принадлежащим Российской Федерации, субъектам Российской Федерации или муниципальным образованиям";"01.04.2025";"2";"0";"0";"2755751118"
"Средства, получаемые от передачи имущества, находящегося в государственной и муниципальной собственности (за исключением имущества бюджетных и автономных учреждений, а также имущества государственных и муниципальных унитарных предприятий, в том числе казенных), в залог, в доверительное управление";"01.04.2025";"0.1";"0";"0";"2755751119"
"Доходы от продажи квартир";"01.07.2025";"5.6";"2.2";"40";"2790281764"
"Доходы, всего";"01.07.2025";"5168.6";"2535.3";"49.1";"2790281765"
"Государственная пошлина по делам, рассматриваемым в судах общей юрисдикции, мировыми судьями";"01.07.2025";"3.2";"4.2";"131";"2790281766"
"Доходы от реализации имущества, находящегося в государственной и муниципальной собственности (за исключением движимого имущества бюджетных и автономных учреждений, а также имущества государственных и муниципальных унитарных предприятий, в том числе казенных)";"01.07.2025";"9.1";"5.2";"56.7";"2790281767"
"Налоговые доходы";"01.07.2025";"4661.3";"2183.5";"46.8";"2790281768"
"Государственная пошлина за государственную регистрацию актов гражданского состояния и другие юридически значимые действия, совершаемые органами записи актов гражданского состояния и иными уполномоченными органами (за исключением консульских учреждений Российской Федерации)";"01.07.2025";"0.04";"0.05";"130.7";"2790281769"
"Доходы от продажи земельных участков, находящихся в государственной и муниципальной собственности";"01.07.2025";"5.6";"1.6";"28.7";"2790281770"
"Государственная пошлина за совершение действий, связанных с приобретением гражданства Российской Федерации или выходом из гражданства Российской Федерации, а также с въездом в Российскую Федерацию или выездом из Российской Федерации";"01.07.2025";"0.6";"0.2";"38";"2790281771"
"НАЛОГИ НА ПРИБЫЛЬ, ДОХОДЫ";"01.07.2025";"3911.4";"1813.2";"46.4";"2790281772"
"Плата за увеличение площади земельных участков, находящихся в частной собственности, в результате перераспределения таких земельных участков и земель (или) земельных участков, находящихся в государственной или муниципальной собственности";"01.07.2025";"";"0.7";"";"2790281773"
"Государственная пошлина за государственную регистрацию, а также за совершение прочих юридически значимых действий";"01.07.2025";"2";"1";"50.1";"2790281774"
"Налог на прибыль организаций";"01.07.2025";"1581.5";"863.1";"54.6";"2790281775"
"Доходы от приватизации имущества, находящегося в государственной и муниципальной собственности";"01.07.2025";"16.1";"10.2";"63.5";"2790281776"
"Налог на доходы физических лиц";"01.07.2025";"2329.9";"950.2";"40.8";"2790281777"
"ЗАДОЛЖЕННОСТЬ И ПЕРЕРАСЧЕТЫ ПО ОТМЕНЕННЫМ НАЛОГАМ, СБОРАМ И ИНЫМ ОБЯЗАТЕЛЬНЫМ ПЛАТЕЖАМ";"01.07.2025";"";"-4.0E-4";"";"2790281778"
"АДМИНИСТРАТИВНЫЕ ПЛАТЕЖИ И СБОРЫ";"01.07.2025";"0.2";"0.2";"91.8";"2790281779"
"Налоги на имущество";"01.07.2025";"";"-0.001";"";"2790281780"
"НАЛОГИ НА ТОВАРЫ (РАБОТЫ, УСЛУГИ), РЕАЛИЗУЕМЫЕ НА ТЕРРИТОРИИ РОССИЙСКОЙ ФЕДЕРАЦИИ";"01.07.2025";"73.6";"27.1";"36.8";"2790281781"
"Платежи, взимаемые государственными и муниципальными органами (организациями) за выполнение определенных функций";"01.07.2025";"0.2";"0.2";"91.8";"2790281782"
"Прочие налоги и сборы (по отмененным налогам и сборам субъектов Российской Федерации)";"01.07.2025";"";"-2.0E-6";"";"2790281783"
"Акцизы по подакцизным товарам (продукции), производимым на территории Российской Федерации";"01.07.2025";"73.6";"27.1";"36.8";"2790281784"
"ШТРАФЫ, САНКЦИИ, ВОЗМЕЩЕНИЕ УЩЕРБА";"01.07.2025";"60";"39.7";"66.2";"2790281785"
"Прочие налоги и сборы (по отмененным местным налогам и сборам)";"01.07.2025";"";"1.0E-5";"";"2790281786"
"НАЛОГИ НА СОВОКУПНЫЙ ДОХОД";"01.07.2025";"362.7";"199.3";"54.9";"2790281787"
"Административные штрафы, установленные Кодексом Российской Федерации об административных правонарушениях";"01.07.2025";"25.5";"16.6";"65.1";"2790281788"
"Налог, взимаемый в виде стоимости патента в связи с применением упрощенной системы налогообложения";"01.07.2025";"";"2.0E-4";"";"2790281789"
"Налог, взимаемый в связи с применением упрощенной системы налогообложения";"01.07.2025";"321.4";"172.1";"53.5";"2790281790"
"Административные штрафы, установленные Кодексом Российской Федерации об административных правонарушениях, за административные правонарушения в области производства и оборота этилового спирта, алкогольной и спиртосодержащей продукции, а также за административные правонарушения порядка ценообразования в части регулирования цен на этиловый спирт, алкогольную и спиртосодержащую продукцию";"01.07.2025";"0.1";"0.03";"63.5";"2790281791"
"Неналоговые доходы";"01.07.2025";"460";"282.2";"61.3";"2790281792"
"Единый налог на вмененный доход для отдельных видов деятельности";"01.07.2025";"";"-1.0E-4";"";"2790281793"
"Административные штрафы, установленные законами субъектов Российской Федерации об административных правонарушениях";"01.07.2025";"14.1";"8.1";"57.3";"2790281794"
"Единый сельскохозяйственный налог";"01.07.2025";"0.1";"0.1";"66.1";"2790281795"
"ДОХОДЫ ОТ ИСПОЛЬЗОВАНИЯ ИМУЩЕСТВА, НАХОДЯЩЕГОСЯ В ГОСУДАРСТВЕННОЙ И МУНИЦИПАЛЬНОЙ СОБСТВЕННОСТИ";"01.07.2025";"290.2";"185.5";"63.9";"2790281796"
"Штрафы, неустойки, пени, уплаченные в соответствии с законом или договором в случае неисполнения или ненадлежащего исполнения обязательств перед государственным (муниципальным) органом, органом управления государственным внебюджетным фондом, казенным учреждением, Центральным банком Российской Федерации, иной организацией, действующей от имени Российской Федерации";"01.07.2025";"4.1";"2.2";"54.4";"2790281797"
"Налог, взимаемый в связи с применением патентной системы налогообложения";"01.07.2025";"11.4";"9.3";"81.3";"2790281798"
"Платежи в целях возмещения причиненного ущерба (убытков)";"01.07.2025";"0.1";"0.03";"25.3";"2790281800"
"Торговый сбор";"01.07.2025";"11.7";"7.6";"64.4";"2790281801"
"Доходы от размещения средств бюджетов";"01.07.2025";"141.5";"114.1";"80.7";"2790281802"
"Платежи, уплачиваемые в целях возмещения вреда";"01.07.2025";"0.03";"0.02";"66.6";"2790281803"
"Налог на профессиональный доход";"01.07.2025";"17.4";"9.9";"56.7";"2790281804"
"Доходы, получаемые в виде арендной либо иной платы за передачу в возмездное пользование государственного и муниципального имущества (за исключением имущества бюджетных и автономных учреждений, а также имущества государственных и муниципальных унитарных предприятий, в том числе казенных)";"01.07.2025";"135";"63.7";"47.2";"2790281805"
"Налог, взимаемый в связи с применением специального налогового режима «Автоматизированная упрощенная система налогообложения»";"01.07.2025";"0.7";"0.5";"64.8";"2790281806"
"Доходы от сумм пеней, предусмотренных законодательством Российской Федерации о налогах и сборах, подлежащие зачислению в бюджеты субъектов Российской Федерации по нормативу, установленному Бюджетным кодексом Российской Федерации, распределяемые Федеральным казначейством между бюджетами субъектов Российской Федерации в соответствии с федеральным законом о федеральном бюджете";"01.07.2025";"16.1";"12.7";"79.3";"2790281807"
"Плата по соглашениям об установлении сервитута в отношении земельных участков, находящихся в государственной или муниципальной собственности";"01.07.2025";"0.01";"0.01";"107";"2790281808"
"ПРОЧИЕ НЕНАЛОГОВЫЕ ДОХОДЫ";"01.07.2025";"57.7";"28.5";"49.4";"2790281809"
"НАЛОГИ НА ИМУЩЕСТВО";"01.07.2025";"307.7";"138.4";"45";"2790281810"
"Платежи от государственных и муниципальных унитарных предприятий";"01.07.2025";"0.1";"0.5";"464.5";"2790281811"
"Налог на имущество физических лиц";"01.07.2025";"36.2";"2.2";"6.2";"2790281812"
"Невыясненные поступления";"01.07.2025";"";"0.01";"";"2790281813"
"Средства, получаемые от передачи имущества, находящегося в государственной и муниципальной собственности (за исключением имущества бюджетных и автономных учреждений, а также имущества государственных и муниципальных унитарных предприятий, в том числе казенных), в залог, в доверительное управление";"01.07.2025";"0.1";"0.1";"190.9";"2790281814"
"Налог на имущество организаций";"01.07.2025";"207.6";"110.2";"53.1";"2790281815"
"Прочие неналоговые доходы";"01.07.2025";"57.7";"28.5";"49.3";"2790281816"
"Прочие доходы от использования имущества и прав, находящихся в государственной и муниципальной собственности (за исключением имущества бюджетных и автономных учреждений, а также имущества государственных и муниципальных унитарных предприятий, в том числе казенных)";"01.07.2025";"11.5";"7.1";"61.5";"2790281817"
"Транспортный налог";"01.07.2025";"34.3";"6.9";"20.2";"2790281818"
"Прочие неналоговые доходы в части невыясненных поступлений, по которым не осуществлен возврат (уточнение) не позднее трех лет со дня их зачисления на единый счет соответствующего бюджета бюджетной системы Российской Федерации";"01.07.2025";"0.001";"4.0E-4";"66.1";"2790281819"
"ПЛАТЕЖИ ПРИ ПОЛЬЗОВАНИИ ПРИРОДНЫМИ РЕСУРСАМИ";"01.07.2025";"0.2";"0.1";"52.5";"2790281820"
"Налог на игорный бизнес";"01.07.2025";"0.2";"0.3";"142.6";"2790281821"
"Безвозмездные поступления";"01.07.2025";"47.3";"69.6";"147.1";"2790281822"
"Плата за негативное воздействие на окружающую среду";"01.07.2025";"0.2";"0.1";"50.1";"2790281823"
"Земельный налог";"01.07.2025";"29.3";"18.7";"63.8";"2790281824"
"Платежи при пользовании недрами";"01.07.2025";"1.0E-4";"0.004";"4332.1";"2790281825"
"НАЛОГИ, СБОРЫ И РЕГУЛЯРНЫЕ ПЛАТЕЖИ ЗА ПОЛЬЗОВАНИЕ ПРИРОДНЫМИ РЕСУРСАМИ";"01.07.2025";"0.01";"0.1";"437.4";"2790281826"
"Налог на добычу полезных ископаемых";"01.07.2025";"";"0.1";"";"2790281827"
"ДОХОДЫ ОТ ОКАЗАНИЯ ПЛАТНЫХ УСЛУГ И КОМПЕНСАЦИИ ЗАТРАТ ГОСУДАРСТВА";"01.07.2025";"15.4";"8.2";"53.7";"2790281828"
"Сборы за пользование объектами животного мира и за пользование объектами водных биологических ресурсов";"01.07.2025";"0.01";"0.002";"17.8";"2790281829"
"Доходы от оказания платных услуг (работ)";"01.07.2025";"1.6";"0.8";"49";"2790281830"
"ГОСУДАРСТВЕННАЯ ПОШЛИНА";"01.07.2025";"5.9";"5.5";"93.5";"2790281831"
"Доходы от компенсации затрат государства";"01.07.2025";"13.8";"7.5";"54.2";"2790281832"
"ДОХОДЫ ОТ ПРОДАЖИ МАТЕРИАЛЬНЫХ И НЕМАТЕРИАЛЬНЫХ АКТИВОВ";"01.07.2025";"36.4";"19.9";"54.8";"2790281833"
"Доходы в виде прибыли, приходящейся на доли в уставных (складочных) капиталах хозяйственных товариществ и обществ, или дивидендов по акциям, принадлежащим Российской Федерации, субъектам Российской Федерации или муниципальным образованиям";"01.07.2025";"2";"0";"0";"2790281902"
"Доходы, всего";"01.10.2025";"5195.1";"3951.9";"76.1";"2807627785"
"Государственная пошлина по делам, рассматриваемым в судах общей юрисдикции, мировыми судьями";"01.10.2025";"3.2";"6.5";"200.5";"2807627786"
"Доходы от продажи квартир";"01.10.2025";"5.6";"3.2";"58";"2807627787"
"Государственная пошлина за государственную регистрацию актов гражданского состояния и другие юридически значимые действия, совершаемые органами записи актов гражданского состояния и иными уполномоченными органами (за исключением консульских учреждений Российской Федерации)";"01.10.2025";"0.04";"0.1";"203.7";"2807627788"
"Доходы от реализации имущества, находящегося в государственной и муниципальной собственности (за исключением движимого имущества бюджетных и автономных учреждений, а также имущества государственных и муниципальных унитарных предприятий, в том числе казенных)";"01.10.2025";"9.1";"7.7";"84.4";"2807627789"
"Налоговые доходы";"01.10.2025";"4661.3";"3413.7";"73.2";"2807627790"
"Государственная пошлина за совершение действий, связанных с приобретением гражданства Российской Федерации или выходом из гражданства Российской Федерации, а также с въездом в Российскую Федерацию или выездом из Российской Федерации";"01.10.2025";"0.6";"0.4";"57.8";"2807627791"
"Доходы от продажи земельных участков, находящихся в государственной и муниципальной собственности";"01.10.2025";"5.6";"2.4";"43.5";"2807627792"
"НАЛОГИ НА ПРИБЫЛЬ, ДОХОДЫ";"01.10.2025";"3911.4";"2867.6";"73.3";"2807627793"
"Государственная пошлина за государственную регистрацию, а также за совершение прочих юридически значимых действий";"01.10.2025";"2";"1.5";"73.8";"2807627794"
"Плата за увеличение площади земельных участков, находящихся в частной собственности, в результате перераспределения таких земельных участков и земель (или) земельных участков, находящихся в государственной или муниципальной собственности";"01.10.2025";"";"1.2";"";"2807627795"
"Налог на прибыль организаций";"01.10.2025";"1581.5";"1230.4";"77.8";"2807627796"
"ЗАДОЛЖЕННОСТЬ И ПЕРЕРАСЧЕТЫ ПО ОТМЕНЕННЫМ НАЛОГАМ, СБОРАМ И ИНЫМ ОБЯЗАТЕЛЬНЫМ ПЛАТЕЖАМ";"01.10.2025";"";"-5.0E-4";"";"2807627797"
"Доходы от приватизации имущества, находящегося в государственной и муниципальной собственности";"01.10.2025";"16.1";"15.5";"96.5";"2807627798"
"Налог на доходы физических лиц";"01.10.2025";"2329.9";"1637.2";"70.3";"2807627799"
"Налоги на имущество";"01.10.2025";"";"-0.001";"";"2807627800"
"АДМИНИСТРАТИВНЫЕ ПЛАТЕЖИ И СБОРЫ";"01.10.2025";"0.2";"0.3";"135.7";"2807627801"
"НАЛОГИ НА ТОВАРЫ (РАБОТЫ, УСЛУГИ), РЕАЛИЗУЕМЫЕ НА ТЕРРИТОРИИ РОССИЙСКОЙ ФЕДЕРАЦИИ";"01.10.2025";"73.6";"48.3";"65.6";"2807627802"
"Прочие налоги и сборы (по отмененным налогам и сборам субъектов Российской Федерации)";"01.10.2025";"";"-2.0E-6";"";"2807627803"
"Платежи, взимаемые государственными и муниципальными органами (организациями) за выполнение определенных функций";"01.10.2025";"0.2";"0.3";"135.7";"2807627804"
"Акцизы по подакцизным товарам (продукции), производимым на территории Российской Федерации";"01.10.2025";"73.6";"48.3";"65.6";"2807627805"
"Прочие налоги и сборы (по отмененным местным налогам и сборам)";"01.10.2025";"";"1.0E-5";"";"2807627806"
"ШТРАФЫ, САНКЦИИ, ВОЗМЕЩЕНИЕ УЩЕРБА";"01.10.2025";"60";"60.2";"100.4";"2807627807"
"НАЛОГИ НА СОВОКУПНЫЙ ДОХОД";"01.10.2025";"362.7";"276.4";"76.2";"2807627808"
"Налог, взимаемый в виде стоимости патента в связи с применением упрощенной системы налогообложения";"01.10.2025";"";"2.0E-4";"";"2807627809"
"Административные штрафы, установленные Кодексом Российской Федерации об административных правонарушениях";"01.10.2025";"25.5";"24.3";"95.1";"2807627810"
"Налог, взимаемый в связи с применением упрощенной системы налогообложения";"01.10.2025";"321.4";"237.9";"74";"2807627811"
"Неналоговые доходы";"01.10.2025";"460";"439";"95.4";"2807627812"
"Административные штрафы, установленные главой 12 Кодекса Российской Федерации об административных правонарушениях, за административные правонарушения в области дорожного движения, налагаемые должностными лицами органов исполнительной власти субъектов Российской Федерации, учреждениями субъектов Российской Федерации (штрафы за нарушение Правил дорожного движения, правил эксплуатации транспортного средства, налагаемые должностными лицами органов исполнительной власти субъектов Российской Федерации при осуществлении полномочий в рамках соглашения с федеральным органом исполнительной власти о передаче осуществления части полномочий, заключенного в соответствии со статьей 23.79 Кодекса Российской Федерации об административных правонарушениях)";"01.10.2025";"3";"2.9";"97.8";"2807627813"
"Единый налог на вмененный доход для отдельных видов деятельности";"01.10.2025";"";"-1.0E-4";"";"2807627814"
"ДОХОДЫ ОТ ИСПОЛЬЗОВАНИЯ ИМУЩЕСТВА, НАХОДЯЩЕГОСЯ В ГОСУДАРСТВЕННОЙ И МУНИЦИПАЛЬНОЙ СОБСТВЕННОСТИ";"01.10.2025";"290.2";"295";"101.7";"2807627815"
"Административные штрафы, установленные Кодексом Российской Федерации об административных правонарушениях, за административные правонарушения в области производства и оборота этилового спирта, алкогольной и спиртосодержащей продукции, а также за административные правонарушения порядка ценообразования в части регулирования цен на этиловый спирт, алкогольную и спиртосодержащую продукцию";"01.10.2025";"0.1";"0.1";"105.4";"2807627816"
"Единый сельскохозяйственный налог";"01.10.2025";"0.1";"0.1";"107.1";"2807627817"
"Доходы в виде прибыли, приходящейся на доли в уставных (складочных) капиталах хозяйственных товариществ и обществ, или дивидендов по акциям, принадлежащим Российской Федерации, субъектам Российской Федерации или муниципальным образованиям";"01.10.2025";"2";"0.4";"17.8";"2807627818"
"Административные штрафы, установленные законами субъектов Российской Федерации об административных правонарушениях";"01.10.2025";"14.1";"14.1";"100.2";"2807627819"
"Налог, взимаемый в связи с применением патентной системы налогообложения";"01.10.2025";"11.4";"9.8";"86.5";"2807627820"
"Доходы от размещения средств бюджетов";"01.10.2025";"141.5";"184.2";"130.2";"2807627821"
"Штрафы, неустойки, пени, уплаченные в соответствии с законом или договором в случае неисполнения или ненадлежащего исполнения обязательств перед государственным (муниципальным) органом, органом управления государственным внебюджетным фондом, казенным учреждением, Центральным банком Российской Федерации, иной организацией, действующей от имени Российской Федерации";"01.10.2025";"4.1";"3";"72.9";"2807627822"
"Торговый сбор";"01.10.2025";"11.7";"12.6";"107";"2807627823"
"Платежи в целях возмещения причиненного ущерба (убытков)";"01.10.2025";"0.1";"0.1";"115.3";"2807627824"
"Доходы, получаемые в виде арендной либо иной платы за передачу в возмездное пользование государственного и муниципального имущества (за исключением имущества бюджетных и автономных учреждений, а также имущества государственных и муниципальных унитарных предприятий, в том числе казенных)";"01.10.2025";"135";"99.1";"73.4";"2807627825"
"Налог на профессиональный доход";"01.10.2025";"17.4";"15.3";"88";"2807627826"
"Платежи, уплачиваемые в целях возмещения вреда";"01.10.2025";"0.03";"0.03";"94.4";"2807627827"
"Налог, взимаемый в связи с применением специального налогового режима «Автоматизированная упрощенная система налогообложения»";"01.10.2025";"0.7";"0.8";"103.3";"2807627828"
"Плата по соглашениям об установлении сервитута в отношении земельных участков, находящихся в государственной или муниципальной собственности";"01.10.2025";"0.01";"0.02";"232.3";"2807627829"
"Доходы от сумм пеней, предусмотренных законодательством Российской Федерации о налогах и сборах, подлежащие зачислению в бюджеты субъектов Российской Федерации по нормативу, установленному Бюджетным кодексом Российской Федерации, распределяемые Федеральным казначейством между бюджетами субъектов Российской Федерации в соответствии с федеральным законом о федеральном бюджете";"01.10.2025";"16.1";"18.6";"115.8";"2807627830"
"НАЛОГИ НА ИМУЩЕСТВО";"01.10.2025";"307.7";"213";"69.2";"2807627831"
"Платежи от государственных и муниципальных унитарных предприятий";"01.10.2025";"0.1";"0.5";"464.5";"2807627832"
"ПРОЧИЕ НЕНАЛОГОВЫЕ ДОХОДЫ";"01.10.2025";"57.7";"40";"69.4";"2807627833"
"Налог на имущество физических лиц";"01.10.2025";"36.2";"9.1";"25.2";"2807627834"
"Средства, получаемые от передачи имущества, находящегося в государственной и муниципальной собственности (за исключением имущества бюджетных и автономных учреждений, а также имущества государственных и муниципальных унитарных предприятий, в том числе казенных), в залог, в доверительное управление";"01.10.2025";"0.1";"0.1";"190.9";"2807627835"
"Невыясненные поступления";"01.10.2025";"";"0.1";"";"2807627836"
"Прочие доходы от использования имущества и прав, находящихся в государственной и муниципальной собственности (за исключением имущества бюджетных и автономных учреждений, а также имущества государственных и муниципальных унитарных предприятий, в том числе казенных)";"01.10.2025";"11.5";"10.7";"92.8";"2807627837"
"Налог на имущество организаций";"01.10.2025";"207.6";"161.4";"77.8";"2807627838"
"Прочие неналоговые доходы";"01.10.2025";"57.7";"39.9";"69.2";"2807627839"
"ПЛАТЕЖИ ПРИ ПОЛЬЗОВАНИИ ПРИРОДНЫМИ РЕСУРСАМИ";"01.10.2025";"0.2";"0.1";"77.6";"2807627840"
"Транспортный налог";"01.10.2025";"34.3";"14.3";"41.6";"2807627841"
"Прочие неналоговые доходы в части невыясненных поступлений, по которым не осуществлен возврат (уточнение) не позднее трех лет со дня их зачисления на единый счет соответствующего бюджета бюджетной системы Российской Федерации";"01.10.2025";"0.001";"5.0E-4";"77.3";"2807627842"
"Плата за негативное воздействие на окружающую среду";"01.10.2025";"0.2";"0.1";"74.1";"2807627843"
"Налог на игорный бизнес";"01.10.2025";"0.2";"0.6";"242.7";"2807627844"
"Безвозмездные поступления";"01.10.2025";"73.8";"99.2";"134.4";"2807627845"
"Платежи при пользовании недрами";"01.10.2025";"1.0E-4";"0.01";"6357.8";"2807627846"
"Земельный налог";"01.10.2025";"29.3";"27.6";"94";"2807627847"
"НАЛОГИ, СБОРЫ И РЕГУЛЯРНЫЕ ПЛАТЕЖИ ЗА ПОЛЬЗОВАНИЕ ПРИРОДНЫМИ РЕСУРСАМИ";"01.10.2025";"0.01";"0.1";"448.9";"2807627848"
"ДОХОДЫ ОТ ОКАЗАНИЯ ПЛАТНЫХ УСЛУГ И КОМПЕНСАЦИИ ЗАТРАТ ГОСУДАРСТВА";"01.10.2025";"15.4";"13.3";"86.7";"2807627849"
"Налог на добычу полезных ископаемых";"01.10.2025";"";"0.1";"";"2807627850"
"Доходы от оказания платных услуг (работ)";"01.10.2025";"1.6";"1.2";"78.5";"2807627851"
"Сборы за пользование объектами животного мира и за пользование объектами водных биологических ресурсов";"01.10.2025";"0.01";"0.004";"28.7";"2807627852"
"Доходы от компенсации затрат государства";"01.10.2025";"13.8";"12.1";"87.6";"2807627853"
"ГОСУДАРСТВЕННАЯ ПОШЛИНА";"01.10.2025";"5.9";"8.4";"142.2";"2807627854"
"ДОХОДЫ ОТ ПРОДАЖИ МАТЕРИАЛЬНЫХ И НЕМАТЕРИАЛЬНЫХ АКТИВОВ";"01.10.2025";"36.4";"30";"82.6";"2807627855"
"ДОХОДЫ ОТ ПРОДАЖИ МАТЕРИАЛЬНЫХ И НЕМАТЕРИАЛЬНЫХ АКТИВОВ";"01.01.2026";"36.4";"43.8";"120.5";"2846351692"
"ГОСУДАРСТВЕННАЯ ПОШЛИНА";"01.01.2026";"5.9";"11.5";"194.4";"2846351693"
"Доходы, всего";"01.01.2026";"5198.9";"5523";"106.2";"2846351694"
"Доходы от продажи квартир";"01.01.2026";"5.6";"5.1";"91.5";"2846351695"
"Государственная пошлина по делам, рассматриваемым в судах общей юрисдикции, мировыми судьями";"01.01.2026";"3.2";"8.8";"273.5";"2846351696"
"Налоговые доходы";"01.01.2026";"4661.3";"4744.8";"101.8";"2846351697"
"Доходы от реализации имущества, находящегося в государственной и муниципальной собственности (за исключением движимого имущества бюджетных и автономных учреждений, а также имущества государственных и муниципальных унитарных предприятий, в том числе казенных)";"01.01.2026";"9.1";"10.7";"117.3";"2846351698"
"Государственная пошлина за государственную регистрацию актов гражданского состояния и другие юридически значимые действия, совершаемые органами записи актов гражданского состояния и иными уполномоченными органами (за исключением консульских учреждений Российской Федерации)";"01.01.2026";"0";"0.1";"276.7";"2846351699"
"НАЛОГИ НА ПРИБЫЛЬ, ДОХОДЫ";"01.01.2026";"3911.4";"3973.4";"101.6";"2846351700"
"Доходы от продажи земельных участков, находящихся в государственной и муниципальной собственности";"01.01.2026";"5.6";"2.8";"50.9";"2846351701"
"Государственная пошлина за совершение действий, связанных с приобретением гражданства Российской Федерации или выходом из гражданства Российской Федерации, а также с въездом в Российскую Федерацию или выездом из Российской Федерации";"01.01.2026";"0.6";"0.5";"73.1";"2846351702"
"Налог на прибыль организаций";"01.01.2026";"1581.5";"1571.3";"99.4";"2846351703"
"Плата за увеличение площади земельных участков, находящихся в частной собственности, в результате перераспределения таких земельных участков и земель (или) земельных участков, находящихся в государственной или муниципальной собственности";"01.01.2026";"";"5.9";"";"2846351704"
"Государственная пошлина за государственную регистрацию, а также за совершение прочих юридически значимых действий";"01.01.2026";"2";"2.1";"103.7";"2846351705"
"Налог на доходы физических лиц";"01.01.2026";"2329.9";"2402.1";"103.1";"2846351706"
"Доходы от приватизации имущества, находящегося в государственной и муниципальной собственности";"01.01.2026";"16.1";"19.3";"120.1";"2846351707"
"ЗАДОЛЖЕННОСТЬ И ПЕРЕРАСЧЕТЫ ПО ОТМЕНЕННЫМ НАЛОГАМ, СБОРАМ И ИНЫМ ОБЯЗАТЕЛЬНЫМ ПЛАТЕЖАМ";"01.01.2026";"";"0";"";"2846351708"
"АДМИНИСТРАТИВНЫЕ ПЛАТЕЖИ И СБОРЫ";"01.01.2026";"0.2";"0.5";"210.7";"2846351709"
"НАЛОГИ НА ТОВАРЫ (РАБОТЫ, УСЛУГИ), РЕАЛИЗУЕМЫЕ НА ТЕРРИТОРИИ РОССИЙСКОЙ ФЕДЕРАЦИИ";"01.01.2026";"73.6";"67.8";"92.1";"2846351710"
"Налоги на имущество";"01.01.2026";"";"0";"";"2846351711"
"Акцизы по подакцизным товарам (продукции), производимым на территории Российской Федерации";"01.01.2026";"73.6";"67.8";"92.1";"2846351712"
"Платежи, взимаемые государственными и муниципальными органами (организациями) за выполнение определенных функций";"01.01.2026";"0.2";"0.5";"210.7";"2846351713"
"Прочие налоги и сборы (по отмененным налогам и сборам субъектов Российской Федерации)";"01.01.2026";"";"0";"";"2846351714"
"НАЛОГИ НА СОВОКУПНЫЙ ДОХОД";"01.01.2026";"362.7";"362.6";"100";"2846351715"
"Прочие налоги и сборы (по отмененным местным налогам и сборам)";"01.01.2026";"";"0";"";"2846351716"
"ШТРАФЫ, САНКЦИИ, ВОЗМЕЩЕНИЕ УЩЕРБА";"01.01.2026";"60";"88";"146.7";"2846351717"
"Налог, взимаемый в связи с применением упрощенной системы налогообложения";"01.01.2026";"321.4";"307.5";"95.7";"2846351718"
"Налог, взимаемый в виде стоимости патента в связи с применением упрощенной системы налогообложения";"01.01.2026";"";"0";"";"2846351719"
"Единый налог на вмененный доход для отдельных видов деятельности";"01.01.2026";"";"0";"";"2846351720"
"Административные штрафы, установленные Кодексом Российской Федерации об административных правонарушениях";"01.01.2026";"25.5";"35.4";"138.7";"2846351721"
"Неналоговые доходы";"01.01.2026";"460";"654.1";"142.2";"2846351722"
"Единый сельскохозяйственный налог";"01.01.2026";"0.1";"0.1";"107";"2846351723"
"ДОХОДЫ ОТ ИСПОЛЬЗОВАНИЯ ИМУЩЕСТВА, НАХОДЯЩЕГОСЯ В ГОСУДАРСТВЕННОЙ И МУНИЦИПАЛЬНОЙ СОБСТВЕННОСТИ";"01.01.2026";"290.2";"435.2";"150";"2846351724"
"Административные штрафы, установленные Кодексом Российской Федерации об административных правонарушениях, за административные правонарушения в области производства и оборота этилового спирта, алкогольной и спиртосодержащей продукции, а также за административные правонарушения порядка ценообразования в части регулирования цен на этиловый спирт, алкогольную и спиртосодержащую продукцию";"01.01.2026";"0.1";"0.1";"148.3";"2846351725"
"Налог, взимаемый в связи с применением патентной системы налогообложения";"01.01.2026";"11.4";"15.7";"138.3";"2846351726"
"Доходы в виде прибыли, приходящейся на доли в уставных (складочных) капиталах хозяйственных товариществ и обществ, или дивидендов по акциям, принадлежащим Российской Федерации, субъектам Российской Федерации или муниципальным образованиям";"01.01.2026";"2";"0.4";"18.5";"2846351727"
"Административные штрафы, установленные законами субъектов Российской Федерации об административных правонарушениях";"01.01.2026";"14.1";"19.9";"141.2";"2846351728"
"Торговый сбор";"01.01.2026";"11.7";"17.5";"149.2";"2846351729"
"Доходы от размещения средств бюджетов";"01.01.2026";"141.5";"274.3";"193.9";"2846351730"
"Штрафы, неустойки, пени, уплаченные в соответствии с законом или договором в случае неисполнения или ненадлежащего исполнения обязательств перед государственным (муниципальным) органом, органом управления государственным внебюджетным фондом, казенным учреждением, Центральным банком Российской Федерации, иной организацией, действующей от имени Российской Федерации";"01.01.2026";"4.1";"5";"120.7";"2846351731"
"Доходы, получаемые в виде арендной либо иной платы за передачу в возмездное пользование государственного и муниципального имущества (за исключением имущества бюджетных и автономных учреждений, а также имущества государственных и муниципальных унитарных предприятий, в том числе казенных)";"01.01.2026";"135";"145.5";"107.7";"2846351732"
"Налог на профессиональный доход";"01.01.2026";"17.4";"20.6";"118.6";"2846351733"
"Платежи в целях возмещения причиненного ущерба (убытков)";"01.01.2026";"0.1";"0.2";"135";"2846351734"
"Налог, взимаемый в связи с применением специального налогового режима «Автоматизированная упрощенная система налогообложения»";"01.01.2026";"0.7";"1.1";"147.4";"2846351735"
"Плата по соглашениям об установлении сервитута в отношении земельных участков, находящихся в государственной или муниципальной собственности";"01.01.2026";"0";"0.1";"803.6";"2846351736"
"Платежи, уплачиваемые в целях возмещения вреда";"01.01.2026";"0";"0.1";"295.1";"2846351737"
"Платежи от государственных и муниципальных унитарных предприятий";"01.01.2026";"0.1";"0.5";"464.5";"2846351738"
"НАЛОГИ НА ИМУЩЕСТВО";"01.01.2026";"307.7";"329.5";"107.1";"2846351739"
"Доходы от сумм пеней, предусмотренных законодательством Российской Федерации о налогах и сборах, подлежащие зачислению в бюджеты субъектов Российской Федерации по нормативу, установленному Бюджетным кодексом Российской Федерации, распределяемые Федеральным казначейством между бюджетами субъектов Российской Федерации в соответствии с федеральным законом о федеральном бюджете";"01.01.2026";"16.1";"27.4";"170.7";"2846351740"
"Средства, получаемые от передачи имущества, находящегося в государственной и муниципальной собственности (за исключением имущества бюджетных и автономных учреждений, а также имущества государственных и муниципальных унитарных предприятий, в том числе казенных), в залог, в доверительное управление";"01.01.2026";"0.1";"0.1";"190.9";"2846351741"
"Налог на имущество физических лиц";"01.01.2026";"36.2";"39.4";"108.9";"2846351742"
"ПРОЧИЕ НЕНАЛОГОВЫЕ ДОХОДЫ";"01.01.2026";"57.7";"63.5";"110.1";"2846351743"
"Налог на имущество организаций";"01.01.2026";"207.6";"216.1";"104.1";"2846351744"
"Прочие доходы от использования имущества и прав, находящихся в государственной и муниципальной собственности (за исключением имущества бюджетных и автономных учреждений, а также имущества государственных и муниципальных унитарных предприятий, в том числе казенных)";"01.01.2026";"11.5";"14.3";"124.2";"2846351745"
"Невыясненные поступления";"01.01.2026";"";"0.2";"";"2846351746"
"ПЛАТЕЖИ ПРИ ПОЛЬЗОВАНИИ ПРИРОДНЫМИ РЕСУРСАМИ";"01.01.2026";"0.2";"0.2";"109.8";"2846351747"
"Транспортный налог";"01.01.2026";"34.3";"35.9";"104.7";"2846351748"
"Прочие неналоговые доходы";"01.01.2026";"57.7";"63.3";"109.8";"2846351749"
"Плата за негативное воздействие на окружающую среду";"01.01.2026";"0.2";"0.2";"105.8";"2846351750"
"Налог на игорный бизнес";"01.01.2026";"0.2";"0.8";"339.9";"2846351751"
"Прочие неналоговые доходы в части невыясненных поступлений, по которым не осуществлен возврат (уточнение) не позднее трех лет со дня их зачисления на единый счет соответствующего бюджета бюджетной системы Российской Федерации";"01.01.2026";"0";"0";"106.3";"2846351752"
"Платежи при пользовании недрами";"01.01.2026";"0";"0";"7365.7";"2846351754"
"Земельный налог";"01.01.2026";"29.3";"37.2";"126.6";"2846351755"
"Безвозмездные поступления";"01.01.2026";"77.6";"124.1";"159.8";"2846351756"
"ДОХОДЫ ОТ ОКАЗАНИЯ ПЛАТНЫХ УСЛУГ И КОМПЕНСАЦИИ ЗАТРАТ ГОСУДАРСТВА";"01.01.2026";"15.4";"22.9";"149.4";"2846351757"
"НАЛОГИ, СБОРЫ И РЕГУЛЯРНЫЕ ПЛАТЕЖИ ЗА ПОЛЬЗОВАНИЕ ПРИРОДНЫМИ РЕСУРСАМИ";"01.01.2026";"0";"0.1";"476.8";"2846351758"
"Доходы от оказания платных услуг (работ)";"01.01.2026";"1.6";"1.7";"105.8";"2846351759"
"Налог на добычу полезных ископаемых";"01.01.2026";"";"0.1";"";"2846351760"
"Доходы от компенсации затрат государства";"01.01.2026";"13.8";"21.3";"154.4";"2846351761"
"Регулярные платежи за добычу полезных ископаемых (роялти) при выполнении соглашений о разделе продукции";"01.01.2026";"";"0";"";"2846351763"
"Сборы за пользование объектами животного мира и за пользование объектами водных биологических ресурсов";"01.01.2026";"0";"0";"53.5";"2846351764"
"Доходы, всего";"01.04.2026";"5982.8";"1243.1";"20.8";"5068413302"
"Налог на прибыль организаций";"01.04.2026";"1840.9";"454.4";"24.7";"5068413303"
"НАЛОГИ НА ПРИБЫЛЬ, ДОХОДЫ";"01.04.2026";"4533.7";"931";"20.5";"5068413304"
"НАЛОГИ НА ТОВАРЫ (РАБОТЫ, УСЛУГИ), РЕАЛИЗУЕМЫЕ НА ТЕРРИТОРИИ РОССИЙСКОЙ ФЕДЕРАЦИИ";"01.04.2026";"75.2";"16.6";"22.1";"5068413305"
"Налог на доходы физических лиц";"01.04.2026";"2692.9";"476.6";"17.7";"5068413306"
"Акцизы по подакцизным товарам (продукции), производимым на территории Российской Федерации";"01.04.2026";"75.2";"16.6";"22.1";"5068413307"
"Налоговые доходы";"01.04.2026";"5402.9";"1072.3";"19.8";"5068413308"
"Налог, взимаемый в связи с применением упрощенной системы налогообложения";"01.04.2026";"363.9";"38";"10.4";"5068413309"
"НАЛОГИ НА СОВОКУПНЫЙ ДОХОД";"01.04.2026";"416.3";"51.8";"12.4";"5068413310"
"Единый сельскохозяйственный налог";"01.04.2026";"0.1";"0.05";"37.6";"5068413311"
"Налог, взимаемый в связи с применением патентной системы налогообложения";"01.04.2026";"5.7";"-0.2";"-3.4";"5068413312"
"Налог на профессиональный доход";"01.04.2026";"25";"5";"20.1";"5068413313"
"Налог, взимаемый в связи с применением специального налогового режима «Автоматизированная упрощенная система налогообложения»";"01.04.2026";"1.4";"4.1";"304.2";"5068413314"
"Торговый сбор";"01.04.2026";"20.2";"4.8";"24";"5068413315"
"НАЛОГИ НА ИМУЩЕСТВО";"01.04.2026";"365.2";"70.1";"19.2";"5068413316"
"Налог на имущество физических лиц";"01.04.2026";"40.9";"1.6";"3.8";"5068413317"
"Транспортный налог";"01.04.2026";"37.5";"3.3";"8.8";"5068413318"
"Земельный налог";"01.04.2026";"37.5";"8.2";"21.8";"5068413319"
"Налог на имущество организаций";"01.04.2026";"249.2";"57.1";"22.9";"5068413320"
"НАЛОГИ, СБОРЫ И РЕГУЛЯРНЫЕ ПЛАТЕЖИ ЗА ПОЛЬЗОВАНИЕ ПРИРОДНЫМИ РЕСУРСАМИ";"01.04.2026";"0.01";"0.002";"37.3";"5068413321"
"Налог на добычу полезных ископаемых";"01.04.2026";"";"2.0E-4";"";"5068413322"
"Сборы за пользование объектами животного мира и за пользование объектами водных биологических ресурсов";"01.04.2026";"0.01";"0.002";"33.8";"5068413323"
"Государственная пошлина по делам, рассматриваемым в судах общей юрисдикции, мировыми судьями";"01.04.2026";"9.4";"2.1";"22";"5068413324"
"ГОСУДАРСТВЕННАЯ ПОШЛИНА";"01.04.2026";"12.4";"2.7";"21.7";"5068413325"
"Государственная пошлина за государственную регистрацию актов гражданского состояния и другие юридически значимые действия, совершаемые органами записи актов гражданского состояния и иными уполномоченными органами (за исключением консульских учреждений Российской Федерации)";"01.04.2026";"0.1";"0.02";"21.7";"5068413326"
"Государственная пошлина за совершение действий, связанных с приобретением гражданства Российской Федерации или выходом из гражданства Российской Федерации, а также с въездом в Российскую Федерацию или выездом из Российской Федерации";"01.04.2026";"0.7";"0.1";"17.2";"5068413327"
"Государственная пошлина за государственную регистрацию, а также за совершение прочих юридически значимых действий";"01.04.2026";"2.2";"0.5";"21.7";"5068413328"
"Налоги на имущество";"01.04.2026";"";"-3.0E-5";"";"5068413329"
"ЗАДОЛЖЕННОСТЬ И ПЕРЕРАСЧЕТЫ ПО ОТМЕНЕННЫМ НАЛОГАМ, СБОРАМ И ИНЫМ ОБЯЗАТЕЛЬНЫМ ПЛАТЕЖАМ";"01.04.2026";"0.1";"0.1";"91.9";"5068413330"
"Прочие налоги и сборы (по отмененным федеральным налогам и сборам)";"01.04.2026";"";"0";"";"5068413331"
"Прочие налоги и сборы (по отмененным местным налогам и сборам)";"01.04.2026";"";"-4.0E-5";"";"5068413332"
"Прочие налоги и сборы (по отмененным налогам и сборам субъектов Российской Федерации)";"01.04.2026";"0.1";"0.1";"92";"5068413333"
"Налог, взимаемый в виде стоимости патента в связи с применением упрощенной системы налогообложения";"01.04.2026";"";"-1.0E-5";"";"5068413334"
"Неналоговые доходы";"01.04.2026";"534.4";"125.9";"23.6";"5068413335"
"ДОХОДЫ ОТ ИСПОЛЬЗОВАНИЯ ИМУЩЕСТВА, НАХОДЯЩЕГОСЯ В ГОСУДАРСТВЕННОЙ И МУНИЦИПАЛЬНОЙ СОБСТВЕННОСТИ";"01.04.2026";"309.2";"58.1";"18.8";"5068413336"
"Доходы от размещения средств бюджетов";"01.04.2026";"158.5";"24.6";"15.5";"5068413337"
"Доходы в виде прибыли, приходящейся на доли в уставных (складочных) капиталах хозяйственных товариществ и обществ, или дивидендов по акциям, принадлежащим Российской Федерации, субъектам Российской Федерации или муниципальным образованиям";"01.04.2026";"0.4";"0";"0";"5068413338"
"Плата по соглашениям об установлении сервитута в отношении земельных участков, находящихся в государственной или муниципальной собственности";"01.04.2026";"0.01";"-0.01";"-70.9";"5068413339"
"Доходы, получаемые в виде арендной либо иной платы за передачу в возмездное пользование государственного и муниципального имущества (за исключением имущества бюджетных и автономных учреждений, а также имущества государственных и муниципальных унитарных предприятий, в том числе казенных)";"01.04.2026";"135.7";"30.4";"22.4";"5068413340"
"Средства, получаемые от передачи имущества, находящегося в государственной и муниципальной собственности (за исключением имущества бюджетных и автономных учреждений, а также имущества государственных и муниципальных унитарных предприятий, в том числе казенных), в залог, в доверительное управление";"01.04.2026";"0.1";"0.1";"169.1";"5068413341"
"Платежи от государственных и муниципальных унитарных предприятий";"01.04.2026";"0.2";"0.2";"145.2";"5068413342"
"Прочие доходы от использования имущества и прав, находящихся в государственной и муниципальной собственности (за исключением имущества бюджетных и автономных учреждений, а также имущества государственных и муниципальных унитарных предприятий, в том числе казенных)";"01.04.2026";"14.4";"2.8";"19.8";"5068413343"
"Платежи при пользовании недрами";"01.04.2026";"1.0E-4";"0.001";"2209.3";"5068413344"
"Плата за негативное воздействие на окружающую среду";"01.04.2026";"0.2";"0.1";"68.9";"5068413345"
"ПЛАТЕЖИ ПРИ ПОЛЬЗОВАНИИ ПРИРОДНЫМИ РЕСУРСАМИ";"01.04.2026";"0.2";"0.1";"69.5";"5068413346"
"ДОХОДЫ ОТ ОКАЗАНИЯ ПЛАТНЫХ УСЛУГ И КОМПЕНСАЦИИ ЗАТРАТ ГОСУДАРСТВА";"01.04.2026";"52.4";"14.9";"28.4";"5068413347"
"Доходы от оказания платных услуг (работ)";"01.04.2026";"1.7";"0.3";"16.8";"5068413348"
"Доходы от компенсации затрат государства";"01.04.2026";"50.8";"14.6";"28.8";"5068413349"
"ДОХОДЫ ОТ ПРОДАЖИ МАТЕРИАЛЬНЫХ И НЕМАТЕРИАЛЬНЫХ АКТИВОВ";"01.04.2026";"36.8";"10.1";"27.5";"5068413350"
"Доходы от продажи квартир";"01.04.2026";"4.8";"1.8";"37.8";"5068413351"
"Доходы от реализации имущества, находящегося в государственной и муниципальной собственности (за исключением движимого имущества бюджетных и автономных учреждений, а также имущества государственных и муниципальных унитарных предприятий, в том числе казенных)";"01.04.2026";"10";"3";"30.5";"5068413352"
"Доходы от продажи земельных участков, находящихся в государственной и муниципальной собственности";"01.04.2026";"2.9";"1.1";"37.8";"5068413353"
"Доходы от приватизации имущества, находящегося в государственной и муниципальной собственности";"01.04.2026";"17.8";"2.7";"15.2";"5068413354"
"АДМИНИСТРАТИВНЫЕ ПЛАТЕЖИ И СБОРЫ";"01.04.2026";"0.3";"0.1";"39.1";"5068413355"
"Платежи, взимаемые государственными и муниципальными органами (организациями) за выполнение определенных функций";"01.04.2026";"0.3";"0.1";"39.1";"5068413356"
"Плата за увеличение площади земельных участков, находящихся в частной собственности, в результате перераспределения таких земельных участков и земель (или) земельных участков, находящихся в государственной или муниципальной собственности";"01.04.2026";"1.3";"1.5";"112.2";"5068413357"
"Административные штрафы, установленные законами субъектов Российской Федерации об административных правонарушениях";"01.04.2026";"25.8";"4.1";"15.9";"5068413358"
"ШТРАФЫ, САНКЦИИ, ВОЗМЕЩЕНИЕ УЩЕРБА";"01.04.2026";"86.3";"22.4";"25.9";"5068413359"
"Административные штрафы, установленные Кодексом Российской Федерации об административных правонарушениях, за административные правонарушения в области производства и оборота этилового спирта, алкогольной и спиртосодержащей продукции, а также за административные правонарушения порядка ценообразования в части регулирования цен на этиловый спирт, алкогольную и спиртосодержащую продукцию";"01.04.2026";"0.1";"0.02";"24.8";"5068413360"
"Административные штрафы, установленные Кодексом Российской Федерации об административных правонарушениях";"01.04.2026";"30";"9.4";"31.2";"5068413361"
"Штрафы, неустойки, пени, уплаченные в соответствии с законом или договором в случае неисполнения или ненадлежащего исполнения обязательств перед государственным (муниципальным) органом, органом управления государственным внебюджетным фондом, казенным учреждением, Центральным банком Российской Федерации, иной организацией, действующей от имени Российской Федерации";"01.04.2026";"4.2";"2.4";"57.5";"5068413362"
"Платежи, уплачиваемые в целях возмещения вреда";"01.04.2026";"0.1";"0.03";"46";"5068413363"
"Платежи в целях возмещения причиненного ущерба (убытков)";"01.04.2026";"0.1";"0.1";"130.1";"5068413364"
"Доходы от сумм пеней, предусмотренных законодательством Российской Федерации о налогах и сборах, подлежащие зачислению в бюджеты субъектов Российской Федерации по нормативу, установленному Бюджетным кодексом Российской Федерации, распределяемые Федеральным казначейством между бюджетами субъектов Российской Федерации в соответствии с федеральным законом о федеральном бюджете";"01.04.2026";"26.2";"6.4";"24.3";"5068413365"
"Невыясненные поступления";"01.04.2026";"";"-0.2";"";"5068413366"
"Прочие неналоговые доходы";"01.04.2026";"49";"20.3";"41.3";"5068413367"
"ПРОЧИЕ НЕНАЛОГОВЫЕ ДОХОДЫ";"01.04.2026";"49";"20.1";"41";"5068413368"
"Прочие неналоговые доходы в части невыясненных поступлений, по которым не осуществлен возврат (уточнение) не позднее трех лет со дня их зачисления на единый счет соответствующего бюджета бюджетной системы Российской Федерации";"01.04.2026";"0.002";"0.002";"96.6";"5068413369"
"Безвозмездные поступления";"01.04.2026";"45.6";"44.9";"98.5";"5068413370"
